44.1585227841387,1,9.53769912477583,0.378042156808078,7.89638803340495,6.68517757672817,-0.246040131896734,1.78933262359351,-7.9661343107,-3.0848913313821,-4.74930778611451,-1.59259724896401
44.1585227841387,1,-6.78707377519459,2.91459473315626,7.89638803340495,-9.18790050782263,1.51149838231504,8.44572474714369,-3.31621430814266,-1.24052417930216,-8.24759900569916,-7.28088274598122
44.1585227841387,1,8.51900820620358,7.45910874567926,0.70899466983974,6.44010860007256,3.16956048831344,-6.03412283118814,-1.07639740221202,-3.44045831356198,-8.55859004892409,5.06413352675736
44.1585227841387,1,-6.78707377519459,-0.215216213837266,3.97743732668459,2.59195203892887,-9.04268903192133,2.72123178932816,2.05693183932453,8.59503132291138,4.46703607682139,-8.86462973430753
44.1585227841387,1,9.53769912477583,0.378042156808078,0.70899466983974,-6.58491271547973,-3.15782230347395,3.72900652233511,3.3589850505814,-6.78904414642602,7.77387392241508,0.126599548384547
44.1585227841387,1,3.11608232092112,5.69924301467836,6.96752178948373,-9.18790050782263,-0.173752312548459,-6.03412283118814,7.46630627196282,7.93325351085514,-2.53550211433321,7.9565817117691
44.1585227841387,1,-9.80452025309205,1.82046663947403,-8.19572592619807,-5.79870944377035,7.66676592174917,8.44572474714369,0.0540129095315933,-3.0848913313821,-5.95420367084444,3.81290340330452
44.1585227841387,1,-6.92676180042326,5.69924301467836,7.16522984206676,7.04300242010504,3.16129339393228,-9.62375793606043,-0.0711967702955008,3.97914489731193,-8.66571701597422,-9.02450954075903
44.1585227841387,1,-6.92676180042326,-6.94076333194971,-9.78334912098944,-5.79870944377035,8.78571528475732,-7.53429315518588,-2.46683397330344,8.61882456578314,9.82904924079776,-1.18601754307747
44.1585227841387,1,3.56412593275309,6.54070916585624,-0.475715105421841,2.59195203892887,2.75843669660389,8.97743587847799,0.0540129095315933,7.90469326078892,-3.39573104400188,0.126599548384547
-96.38758597082,2,-5.81934489775449,-8.50366372615099,-9.78334912098944,-6.58491271547973,7.14141886215657,-7.58462887722999,7.46630627196282,-3.44045831356198,-3.39573104400188,-3.19295376073569
-96.38758597082,2,9.53769912477583,-8.98183194454759,7.16522984206676,-0.620105429552495,-8.67650348227471,4.45727144367993,1.18418980855495,4.30393466260284,-3.39573104400188,3.69111300446093
-96.38758597082,2,5.63218338880688,7.45910874567926,2.54689629655331,0.951354773715138,-6.47484977729619,-6.03412283118814,3.3589850505814,8.59503132291138,4.41101035568863,5.06413352675736
-96.38758597082,2,6.90203536767513,7.70061072427779,6.96752178948373,-5.46415699645877,-0.246040131896734,-0.0487202918156981,-0.0711967702955008,2.61437558103353,-8.59678018838167,-8.86462973430753
-96.38758597082,2,3.11608232092112,-4.71829395741224,-1.87285806518048,6.06980969198048,8.17407410591841,1.78933262359351,-4.69872585497797,8.65137892775238,9.82904924079776,3.81290340330452
-96.38758597082,2,-0.386194060556591,0.378042156808078,-5.1233523664996,-5.79870944377035,3.16956048831344,-2.9357394669205,-6.99353177566081,-1.24052417930216,-6.20884952601045,-7.28088274598122
-96.38758597082,2,-1.52488046325743,1.82046663947403,0.975298462435603,-7.47450715862215,-0.246040131896734,-7.98434010241181,-3.38895058725029,-1.24052417930216,-8.59678018838167,-1.21349713299423
-96.38758597082,2,-6.92676180042326,5.53742247633636,-5.71800388395786,6.44010860007256,7.14141886215657,5.5676527088508,-4.69872585497797,-9.0710861235857,1.84447204228491,0.264171427115798
-96.38758597082,2,9.67207811772823,2.91459473315626,-9.11273418925703,8.6018531722948,-0.246040131896734,-9.81673458125442,-3.56274055782706,-3.44045831356198,9.51541838701814,3.81290340330452
-96.38758597082,2,-4.53077252488583,3.9017968159169,-8.65190513432026,-5.46415699645877,3.16956048831344,3.68302097544074,-7.38023144192994,8.65137892775238,4.59043466951698,9.75509830284864
53.1126998674426,3,-2.74244077503681,7.45910874567926,-5.1233523664996,6.57306420151144,2.75843669660389,5.5676527088508,-3.31621430814266,-1.24052417930216,8.66143714636564,-3.79964602645487
53.1126998674426,3,9.67207811772823,7.45910874567926,-4.08144169487059,-3.88533201999962,3.16129339393228,-6.03412283118814,-3.38895058725029,-8.64411020185798,-8.55859004892409,-1.59259724896401
53.1126998674426,3,-3.52762477006763,-7.06449824851006,6.69892794452608,0.951354773715138,7.66676592174917,4.69323267228901,0.000845920294523239,7.93325351085514,-4.81919343583286,0.264171427115798
53.1126998674426,3,-0.386194060556591,-0.215216213837266,-9.88367058802396,-7.76454807259142,-2.60374771431088,8.44572474714369,-2.46683397330344,-6.57025846187025,-8.55859004892409,-3.79964602645487
53.1126998674426,3,5.63218338880688,3.9017968159169,6.69892794452608,-0.620105429552495,-8.67650348227471,-7.58462887722999,-7.9661343107,7.93325351085514,-4.74930778611451,-3.79964602645487
53.1126998674426,3,-3.52762477006763,5.69924301467836,-9.78334912098944,1.69196667615324,-6.47484977729619,5.56259939447045,-7.41781426593661,-1.24052417930216,4.59043466951698,7.9565817117691
53.1126998674426,3,-4.53077252488583,5.53742247633636,-1.87285806518048,9.09577193204314,3.29934776760638,1.17085838224739,1.92078487481922,1.60620978102088,4.41101035568863,-8.86462973430753
53.1126998674426,3,8.51900820620358,3.40402999892831,4.80954660102725,8.6018531722948,7.14141886215657,-9.81673458125442,-2.46683397330344,-8.64411020185798,-6.30705644376576,-1.21349713299423
53.1126998674426,3,9.5991526870057,-9.6273835003376,-9.88367058802396,8.6018531722948,-7.29175514075905,6.39825673308223,-6.99353177566081,1.60620978102088,1.84447204228491,3.81290340330452
53.1126998674426,3,-4.31533222086728,-7.72448290605098,2.44744168128818,-3.195666000247,-2.60374771431088,8.54398371186107,4.17062811553478,3.22364422958344,-2.53550211433321,-8.01149540115148
29.9888096431508,4,3.56412593275309,5.53742247633636,-5.71800388395786,3.57433369383216,-3.50209426600486,4.45727144367993,0.000845920294523239,3.97914489731193,-5.95420367084444,0.39951863233
29.9888096431508,4,-0.57609838899225,-4.70644088927656,4.80954660102725,0.951354773715138,3.16956048831344,-7.58462887722999,1.18418980855495,-6.78904414642602,0.118716154247522,-1.18601754307747
29.9888096431508,4,-6.78707377519459,3.40402999892831,-8.19572592619807,-7.76454807259142,8.17407410591841,0.261385249905288,4.17062811553478,1.60620978102088,9.82904924079776,5.06413352675736
29.9888096431508,4,-6.96863474324346,5.53742247633636,4.80954660102725,6.37647714465857,-3.15782230347395,-7.58462887722999,-8.91277560032904,-3.58115899842232,0.118716154247522,-7.96993602532893
29.9888096431508,4,9.5991526870057,5.53742247633636,0.70899466983974,9.09577193204314,5.24305589962751,6.22933622915298,-9.20031579211354,-3.30265506636351,9.61368074640632,-3.84251587092876
29.9888096431508,4,-6.92676180042326,-9.6273835003376,-4.08144169487059,2.59195203892887,-7.29175514075905,7.86953887436539,0.0540129095315933,7.14450318366289,7.77387392241508,-3.19295376073569
29.9888096431508,4,-0.57609838899225,0.378042156808078,7.89638803340495,3.57433369383216,3.16956048831344,-7.98434010241181,-8.13719851430506,3.22364422958344,8.66143714636564,-0.523166810162365
29.9888096431508,4,1.07635300606489,-9.96285766363144,-8.65190513432026,8.6018531722948,5.24305589962751,-7.98434010241181,1.88324508722872,4.30393466260284,-2.53550211433321,-3.79964602645487
29.9888096431508,4,3.11608232092112,0.157394367270172,2.54689629655331,-6.58491271547973,-7.29175514075905,8.54398371186107,3.3589850505814,-9.0710861235857,-8.24759900569916,-0.0649777660146356
29.9888096431508,4,-1.36897775344551,-7.72448290605098,0.0194094283506274,-9.18790050782263,-9.16701135225594,-9.62375793606043,3.56624570675194,3.75543391797692,1.84447204228491,-0.0649777660146356
45.0692220071511,5,3.11608232092112,-9.96285766363144,-4.08144169487059,0.546589032746851,8.17407410591841,8.97743587847799,-3.38895058725029,4.30393466260284,9.82904924079776,-1.21349713299423
45.0692220071511,5,-1.52488046325743,-8.62118742894381,7.16522984206676,-7.47450715862215,-8.67650348227471,-9.93868270423263,1.88324508722872,8.59503132291138,7.5005840882659,-3.19295376073569
45.0692220071511,5,-3.52762477006763,0.157394367270172,-0.475715105421841,-7.3743654647842,7.14141886215657,6.22933622915298,2.05693183932453,-6.57025846187025,-8.66571701597422,-3.79964602645487
45.0692220071511,5,-3.52762477006763,0.157394367270172,2.54689629655331,7.04300242010504,5.24305589962751,8.97743587847799,1.18418980855495,8.44462288077921,-8.59678018838167,0.39951863233
45.0692220071511,5,3.86126982048154,3.9017968159169,-3.95890020299703,6.37647714465857,2.75843669660389,4.69323267228901,-6.99353177566081,7.14450318366289,-4.74930778611451,-3.84251587092876
45.0692220071511,5,-6.96863474324346,7.45910874567926,-9.88367058802396,-7.82039039302617,-8.67650348227471,7.86953887436539,-8.13719851430506,3.97914489731193,-6.20884952601045,-8.86462973430753
45.0692220071511,5,-3.52762477006763,-9.6273835003376,-5.1233523664996,-3.88533201999962,-6.47484977729619,1.17085838224739,0.0540129095315933,8.59503132291138,9.51541838701814,0.126599548384547
45.0692220071511,5,-6.96863474324346,7.70061072427779,0.0194094283506274,6.68517757672817,-2.60374771431088,8.54398371186107,4.17062811553478,3.75543391797692,-4.81919343583286,-8.97748441435397
45.0692220071511,5,-0.201091561466455,-9.96285766363144,-5.1233523664996,-7.3743654647842,-3.15782230347395,1.78933262359351,-7.9661343107,3.75543391797692,1.84447204228491,-3.79964602645487
45.0692220071511,5,-0.386194060556591,0.157394367270172,-5.1233523664996,6.37647714465857,3.16956048831344,3.68302097544074,1.18418980855495,7.90469326078892,4.59043466951698,-1.18601754307747
-25.910497396692,6,-9.80452025309205,5.14499210752547,-1.87285806518048,6.37647714465857,-6.47484977729619,1.17085838224739,-0.0711967702955008,3.22364422958344,-4.81919343583286,-1.18601754307747
-25.910497396692,6,-4.53077252488583,9.14349604398012,-5.71800388395786,9.09577193204314,3.29934776760638,5.5676527088508,0.0540129095315933,7.93325351085514,-5.95420367084444,-9.02450954075903
-25.910497396692,6,6.90203536767513,-9.96285766363144,7.16522984206676,-5.79870944377035,-6.76339619792998,1.17085838224739,0.000845920294523239,-4.99733997508883,1.84447204228491,-1.59259724896401
-25.910497396692,6,5.63218338880688,-4.70644088927656,0.70899466983974,6.57306420151144,3.29934776760638,3.72900652233511,-3.31621430814266,8.44462288077921,4.46703607682139,-3.19295376073569
-25.910497396692,6,9.5991526870057,2.51928269863129,-4.08144169487059,-7.76454807259142,-3.50209426600486,6.22933622915298,3.56624570675194,-3.0848913313821,-8.59678018838167,-1.18601754307747
-25.910497396692,6,9.5991526870057,6.54070916585624,3.97743732668459,8.6018531722948,1.82069538161159,-6.03412283118814,-6.99353177566081,-3.0848913313821,4.41101035568863,-5.01051074825227
-25.910497396692,6,-1.52488046325743,3.9017968159169,3.99281602352858,-7.3743654647842,-4.53754170797765,6.39825673308223,1.92078487481922,4.30393466260284,-4.81919343583286,-2.58897865191102
-25.910497396692,6,-0.201091561466455,6.54070916585624,-5.1233523664996,-7.82039039302617,-0.246040131896734,-0.0487202918156981,-7.41781426593661,-6.57025846187025,0.118716154247522,0.39951863233
-25.910497396692,6,-6.78707377519459,-9.6273835003376,-3.95890020299703,-9.18790050782263,-2.75335243437439,-9.93868270423263,7.46630627196282,6.86607678886503,9.82904924079776,-8.97748441435397
-25.910497396692,6,-0.201091561466455,5.14499210752547,-1.87285806518048,-6.58491271547973,-3.08854335919023,5.56259939447045,-7.9661343107,-8.64411020185798,-2.53550211433321,5.06413352675736
88.0494731857214,7,9.67207811772823,0.157394367270172,0.70899466983974,9.09577193204314,-3.08854335919023,7.86953887436539,-3.56274055782706,7.14450318366289,0.118716154247522,-8.97748441435397
88.0494731857214,7,6.90203536767513,-0.215216213837266,-9.78334912098944,-0.620105429552495,-6.76339619792998,7.86953887436539,3.56624570675194,-6.78904414642602,-8.59678018838167,5.06413352675736
88.0494731857214,7,-4.31533222086728,5.14499210752547,-9.88367058802396,0.951354773715138,-6.47484977729619,2.72123178932816,0.0540129095315933,6.86607678886503,-1.59222482237965,-3.84251587092876
88.0494731857214,7,5.63218338880688,6.54070916585624,-8.19572592619807,7.04300242010504,-4.53754170797765,-7.98434010241181,2.05693183932453,6.86607678886503,9.61368074640632,-3.19295376073569
88.0494731857214,7,-0.57609838899225,-8.98183194454759,1.39336636755615,-7.3743654647842,-6.47484977729619,-7.98434010241181,-7.9661343107,-3.44045831356198,0.387044241651893,0.126599548384547
88.0494731857214,7,8.51900820620358,-9.6273835003376,-8.19572592619807,-5.46415699645877,-0.173752312548459,-7.98434010241181,4.17062811553478,8.61882456578314,-2.53550211433321,-0.0649777660146356
88.0494731857214,7,9.53769912477583,5.53742247633636,-8.65190513432026,-7.76454807259142,-6.76339619792998,-2.9357394669205,-0.0711967702955008,7.14450318366289,-3.39573104400188,3.81290340330452
88.0494731857214,7,1.07635300606489,-8.98183194454759,1.39336636755615,9.09577193204314,-3.08854335919023,3.68302097544074,1.92078487481922,4.30393466260284,9.82904924079776,-8.01149540115148
88.0494731857214,7,8.51900820620358,-7.06449824851006,-4.08144169487059,-6.58491271547973,3.16956048831344,8.54398371186107,-8.13719851430506,5.10246301069856,-6.30705644376576,5.06413352675736
88.0494731857214,7,-4.53077252488583,2.51928269863129,7.18354183249176,-5.46415699645877,1.51149838231504,8.54398371186107,-2.46683397330344,-8.64411020185798,7.5005840882659,0.39951863233
46.0853730591472,8,6.90203536767513,-7.06449824851006,7.18354183249176,-5.79870944377035,3.16129339393228,2.72123178932816,-2.46683397330344,6.86607678886503,7.77387392241508,0.264171427115798
46.0853730591472,8,-9.80452025309205,-8.98183194454759,-4.08144169487059,-7.82039039302617,7.14141886215657,0.261385249905288,7.46630627196282,3.75543391797692,7.5005840882659,7.9565817117691
46.0853730591472,8,-5.81934489775449,-8.50366372615099,2.44744168128818,6.06980969198048,-3.08854335919023,4.45727144367993,-4.69872585497797,2.61437558103353,4.10229933913797,7.9565817117691
46.0853730591472,8,-9.80452025309205,5.14499210752547,-8.65190513432026,6.37647714465857,-3.08854335919023,5.5676527088508,-3.56274055782706,-4.99733997508883,-3.39573104400188,-7.96993602532893
46.0853730591472,8,-9.65573810506612,5.53742247633636,-1.87285806518048,6.37647714465857,-8.67650348227471,0.261385249905288,-3.31621430814266,-3.44045831356198,-4.74930778611451,-8.86462973430753
46.0853730591472,8,-9.80452025309205,-6.94076333194971,-4.08144169487059,2.59195203892887,-0.173752312548459,1.17085838224739,-4.69872585497797,8.65137892775238,7.77387392241508,-8.97748441435397
46.0853730591472,8,-4.31533222086728,5.69924301467836,3.97743732668459,-7.47450715862215,-0.246040131896734,0.261385249905288,-3.31621430814266,7.93325351085514,4.46703607682139,-7.28088274598122
46.0853730591472,8,3.56412593275309,6.54070916585624,0.70899466983974,8.6018531722948,8.17407410591841,-7.58462887722999,-0.0711967702955008,-8.64411020185798,-1.59222482237965,-0.0649777660146356
46.0853730591472,8,6.90203536767513,-8.50366372615099,6.69892794452608,-9.18790050782263,8.17407410591841,4.69323267228901,1.88324508722872,7.90469326078892,-3.39573104400188,3.69111300446093
46.0853730591472,8,-6.78707377519459,3.40402999892831,-1.87285806518048,-3.88533201999962,-6.76339619792998,1.78933262359351,-7.38023144192994,3.97914489731193,-4.81919343583286,-0.0649777660146356
-19.1020744724117,9,-0.57609838899225,2.91459473315626,6.96752178948373,-9.18790050782263,5.24305589962751,-9.62375793606043,-7.41781426593661,-3.30265506636351,7.5005840882659,9.75509830284864
-19.1020744724117,9,3.86126982048154,-8.98183194454759,-9.88367058802396,7.04300242010504,-7.29175514075905,3.68302097544074,4.17062811553478,1.60620978102088,-8.66571701597422,-3.79964602645487
-19.1020744724117,9,-5.81934489775449,2.51928269863129,4.80954660102725,4.32790003251284,7.14141886215657,-2.9357394669205,-0.0711967702955008,5.10246301069856,-6.30705644376576,-1.21349713299423
-19.1020744724117,9,-6.92676180042326,-9.96285766363144,-8.19572592619807,-7.3743654647842,-3.15782230347395,3.72900652233511,1.88324508722872,-1.24052417930216,-4.74930778611451,7.9565817117691
-19.1020744724117,9,3.11608232092112,-4.71829395741224,-0.475715105421841,-7.82039039302617,-9.16701135225594,4.45727144367993,1.18418980855495,-3.58115899842232,4.41101035568863,-3.79964602645487
-19.1020744724117,9,-2.74244077503681,-0.215216213837266,-9.88367058802396,-5.79870944377035,-4.53754170797765,-9.81673458125442,-1.81802511680871,2.61437558103353,9.82904924079776,7.9565817117691
-19.1020744724117,9,9.5991526870057,-8.62118742894381,-9.88367058802396,6.06980969198048,-2.75335243437439,6.39825673308223,1.92078487481922,-3.30265506636351,-4.74930778611451,-8.97748441435397
-19.1020744724117,9,-0.201091561466455,-8.62118742894381,-5.71800388395786,-7.82039039302617,3.29934776760638,-9.81673458125442,2.05693183932453,-3.0848913313821,4.46703607682139,-8.97748441435397
-19.1020744724117,9,-9.65573810506612,7.45910874567926,0.0194094283506274,-5.46415699645877,-8.67650348227471,6.22933622915298,-3.38895058725029,8.59503132291138,-8.55859004892409,-8.01149540115148
-19.1020744724117,9,8.51900820620358,-8.98183194454759,-9.78334912098944,0.951354773715138,1.82069538161159,0.261385249905288,-8.91277560032904,5.10246301069856,7.77387392241508,-7.96993602532893
-23.47054071242,10,-0.201091561466455,-8.62118742894381,-9.88367058802396,1.69196667615324,-4.53754170797765,3.72900652233511,-7.38023144192994,5.10246301069856,4.59043466951698,3.69111300446093
-23.47054071242,10,9.67207811772823,-4.70644088927656,2.44744168128818,6.06980969198048,3.16129339393228,-7.98434010241181,0.0540129095315933,-3.30265506636351,-3.39573104400188,0.39951863233
-23.47054071242,10,3.86126982048154,3.9017968159169,-9.11273418925703,-7.82039039302617,3.29934776760638,3.68302097544074,-3.38895058725029,6.86607678886503,-8.59678018838167,-9.02450954075903
-23.47054071242,10,-0.201091561466455,-7.72448290605098,0.70899466983974,6.57306420151144,-3.50209426600486,4.69323267228901,1.18418980855495,4.30393466260284,9.51541838701814,9.75509830284864
-23.47054071242,10,9.53769912477583,-0.215216213837266,-9.88367058802396,6.44010860007256,-2.60374771431088,-0.0487202918156981,-3.31621430814266,-8.64411020185798,8.66143714636564,9.75509830284864
-23.47054071242,10,-6.96863474324346,2.51928269863129,-5.71800388395786,1.69196667615324,3.29934776760638,7.86953887436539,-6.99353177566081,8.59503132291138,9.61368074640632,-1.59259724896401
-23.47054071242,10,-1.36897775344551,-8.62118742894381,-3.95890020299703,0.546589032746851,1.82069538161159,-9.93868270423263,-8.91277560032904,7.90469326078892,-8.55859004892409,-1.59259724896401
-23.47054071242,10,5.63218338880688,5.69924301467836,0.975298462435603,-3.88533201999962,-3.50209426600486,-7.53429315518588,-3.56274055782706,8.61882456578314,-8.66571701597422,-2.58897865191102
-23.47054071242,10,-1.36897775344551,2.91459473315626,-0.475715105421841,-3.195666000247,-7.29175514075905,-2.9357394669205,-0.0711967702955008,8.44462288077921,-8.66571701597422,-1.59259724896401
-23.47054071242,10,6.90203536767513,1.82046663947403,-9.78334912098944,8.6018531722948,-9.04268903192133,5.56259939447045,3.3589850505814,8.59503132291138,-3.39573104400188,0.264171427115798
-53.9375414822031,11,-4.53077252488583,9.14349604398012,3.97743732668459,-7.76454807259142,-8.67650348227471,-7.53429315518588,-8.13719851430506,8.65137892775238,-6.20884952601045,7.9565817117691
-53.9375414822031,11,-0.57609838899225,0.378042156808078,-0.475715105421841,6.37647714465857,3.29934776760638,-7.53429315518588,7.46630627196282,-4.99733997508883,-5.95420367084444,-8.86462973430753
-53.9375414822031,11,-5.81934489775449,2.51928269863129,0.70899466983974,6.44010860007256,1.82069538161159,2.72123178932816,-1.81802511680871,5.10246301069856,-8.55859004892409,-0.523166810162365
-53.9375414822031,11,-5.81934489775449,3.40402999892831,-3.95890020299703,-5.79870944377035,-6.76339619792998,3.72900652233511,-3.38895058725029,2.61437558103353,0.387044241651893,-7.96993602532893
-53.9375414822031,11,-9.65573810506612,0.378042156808078,1.39336636755615,-3.195666000247,7.66676592174917,-9.62375793606043,-7.41781426593661,2.61437558103353,4.59043466951698,-3.19295376073569
-53.9375414822031,11,5.63218338880688,5.69924301467836,7.89638803340495,4.32790003251284,-2.60374771431088,8.97743587847799,-8.91277560032904,1.60620978102088,-2.53550211433321,-2.58897865191102
-53.9375414822031,11,-6.92676180042326,0.157394367270172,-9.11273418925703,6.57306420151144,-9.16701135225594,-7.53429315518588,1.92078487481922,-1.24052417930216,4.10229933913797,2.60976049583405
-53.9375414822031,11,5.63218338880688,-8.50366372615099,-0.475715105421841,7.04300242010504,2.75843669660389,1.17085838224739,-1.07639740221202,-6.78904414642602,-6.30705644376576,9.75509830284864
-53.9375414822031,11,-0.57609838899225,7.45910874567926,1.39336636755615,-7.82039039302617,3.16129339393228,2.72123178932816,1.88324508722872,2.61437558103353,0.118716154247522,-3.19295376073569
-53.9375414822031,11,-1.36897775344551,5.53742247633636,-5.1233523664996,0.546589032746851,3.16129339393228,5.56259939447045,-7.38023144192994,4.30393466260284,4.10229933913797,-2.58897865191102
-70.590123354142,12,3.86126982048154,-0.215216213837266,0.975298462435603,-7.3743654647842,-2.75335243437439,-6.03412283118814,-1.07639740221202,-6.57025846187025,-8.24759900569916,-7.28088274598122
-70.590123354142,12,-1.36897775344551,0.157394367270172,0.0194094283506274,6.57306420151144,-8.67650348227471,-9.62375793606043,-9.20031579211354,-4.99733997508883,7.5005840882659,-7.28088274598122
-70.590123354142,12,3.86126982048154,-0.215216213837266,3.99281602352858,-7.76454807259142,-9.16701135225594,8.44572474714369,-3.38895058725029,5.10246301069856,7.77387392241508,-2.58897865191102
-70.590123354142,12,-6.78707377519459,2.51928269863129,2.44744168128818,0.951354773715138,-4.53754170797765,3.68302097544074,-3.56274055782706,5.10246301069856,-1.59222482237965,-0.523166810162365
-70.590123354142,12,-0.57609838899225,7.70061072427779,-8.19572592619807,6.68517757672817,1.51149838231504,4.45727144367993,-3.56274055782706,-3.44045831356198,8.66143714636564,0.126599548384547
-70.590123354142,12,-1.52488046325743,-4.70644088927656,3.97743732668459,0.546589032746851,-3.50209426600486,4.69323267228901,-2.46683397330344,3.22364422958344,-8.24759900569916,-0.0649777660146356
-70.590123354142,12,-1.52488046325743,-7.06449824851006,0.975298462435603,0.546589032746851,8.17407410591841,8.97743587847799,-8.13719851430506,8.44462288077921,8.66143714636564,0.39951863233
-70.590123354142,12,9.67207811772823,-8.50366372615099,-9.11273418925703,7.04300242010504,-3.08854335919023,8.97743587847799,1.92078487481922,-6.78904414642602,-8.24759900569916,-3.84251587092876
-70.590123354142,12,-0.386194060556591,-6.94076333194971,1.39336636755615,-6.58491271547973,5.24305589962751,-7.98434010241181,-7.38023144192994,-3.0848913313821,9.61368074640632,0.264171427115798
-70.590123354142,12,6.90203536767513,3.9017968159169,-9.88367058802396,8.6018531722948,3.29934776760638,-9.93868270423263,-4.69872585497797,8.44462288077921,7.77387392241508,0.264171427115798
-24.2398928006413,13,9.5991526870057,-7.72448290605098,-3.95890020299703,4.32790003251284,-6.76339619792998,-0.0487202918156981,1.18418980855495,-4.99733997508883,-8.59678018838167,-8.01149540115148
-24.2398928006413,13,-4.53077252488583,6.54070916585624,7.18354183249176,-7.3743654647842,-2.60374771431088,-9.93868270423263,-8.13719851430506,7.90469326078892,-8.66571701597422,-0.0649777660146356
-24.2398928006413,13,-1.36897775344551,-8.62118742894381,-5.71800388395786,6.44010860007256,7.66676592174917,-2.9357394669205,-4.69872585497797,-9.0710861235857,-6.30705644376576,-5.01051074825227
-24.2398928006413,13,-0.386194060556591,5.53742247633636,3.99281602352858,7.04300242010504,-0.246040131896734,8.54398371186107,-1.07639740221202,-6.78904414642602,1.84447204228491,-7.96993602532893
-24.2398928006413,13,3.86126982048154,0.378042156808078,6.96752178948373,6.57306420151144,8.17407410591841,-9.93868270423263,1.88324508722872,-6.57025846187025,9.51541838701814,-1.59259724896401
-24.2398928006413,13,-0.201091561466455,1.82046663947403,7.18354183249176,3.57433369383216,-6.47484977729619,-7.53429315518588,3.56624570675194,-4.99733997508883,-4.74930778611451,3.81290340330452
-24.2398928006413,13,-9.65573810506612,-7.06449824851006,0.70899466983974,-7.76454807259142,-9.04268903192133,3.72900652233511,3.56624570675194,-1.24052417930216,9.61368074640632,-0.523166810162365
-24.2398928006413,13,-4.53077252488583,-7.06449824851006,-3.95890020299703,6.37647714465857,-2.60374771431088,3.72900652233511,-6.99353177566081,8.44462288077921,9.61368074640632,-5.01051074825227
-24.2398928006413,13,8.51900820620358,-6.94076333194971,-0.475715105421841,-3.195666000247,3.16129339393228,6.39825673308223,0.0540129095315933,5.10246301069856,-5.95420367084444,0.39951863233
-24.2398928006413,13,1.07635300606489,-7.72448290605098,3.99281602352858,6.68517757672817,2.75843669660389,0.261385249905288,-3.31621430814266,7.14450318366289,-4.81919343583286,-1.21349713299423
-11.5778706006424,14,-1.36897775344551,6.54070916585624,-8.19572592619807,2.59195203892887,-9.04268903192133,4.69323267228901,-4.69872585497797,-3.58115899842232,0.387044241651893,2.60976049583405
-11.5778706006424,14,-6.78707377519459,-7.06449824851006,7.89638803340495,6.68517757672817,8.78571528475732,-9.81673458125442,-8.91277560032904,-9.0710861235857,0.118716154247522,-1.18601754307747
-11.5778706006424,14,-4.31533222086728,0.378042156808078,2.44744168128818,6.57306420151144,-3.50209426600486,3.72900652233511,1.88324508722872,-4.99733997508883,-6.30705644376576,-9.02450954075903
-11.5778706006424,14,6.90203536767513,-9.6273835003376,6.96752178948373,0.546589032746851,-9.04268903192133,5.56259939447045,2.05693183932453,-4.99733997508883,7.5005840882659,3.81290340330452
-11.5778706006424,14,-3.52762477006763,2.91459473315626,3.99281602352858,-3.195666000247,8.17407410591841,-7.53429315518588,1.88324508722872,7.93325351085514,4.10229933913797,-8.86462973430753
-11.5778706006424,14,9.5991526870057,2.91459473315626,2.44744168128818,-6.58491271547973,-2.75335243437439,-6.03412283118814,-1.81802511680871,7.14450318366289,7.5005840882659,-8.86462973430753
-11.5778706006424,14,-0.57609838899225,2.51928269863129,7.16522984206676,2.59195203892887,-2.75335243437439,7.86953887436539,0.000845920294523239,-6.78904414642602,-8.66571701597422,2.60976049583405
-11.5778706006424,14,3.56412593275309,7.45910874567926,-8.65190513432026,6.68517757672817,8.78571528475732,4.45727144367993,-2.46683397330344,-9.0710861235857,4.41101035568863,0.264171427115798
-11.5778706006424,14,-4.53077252488583,0.157394367270172,1.39336636755615,1.69196667615324,-9.04268903192133,-7.58462887722999,-3.31621430814266,8.61882456578314,9.51541838701814,-5.01051074825227
-11.5778706006424,14,9.53769912477583,-7.72448290605098,-0.475715105421841,1.69196667615324,-6.47484977729619,5.5676527088508,-6.99353177566081,-3.58115899842232,9.51541838701814,-1.21349713299423
-76.1362283312674,15,-6.78707377519459,-8.98183194454759,4.80954660102725,8.6018531722948,-0.173752312548459,-7.98434010241181,-8.91277560032904,-9.0710861235857,-1.59222482237965,3.81290340330452
-76.1362283312674,15,-2.74244077503681,2.91459473315626,-9.11273418925703,6.44010860007256,-3.15782230347395,-0.0487202918156981,-0.0711967702955008,3.22364422958344,-6.20884952601045,-9.02450954075903
-76.1362283312674,15,3.86126982048154,-4.71829395741224,2.44744168128818,-5.79870944377035,-3.15782230347395,6.22933622915298,-1.81802511680871,6.86607678886503,-8.55859004892409,-8.01149540115148
-76.1362283312674,15,-9.80452025309205,7.70061072427779,0.975298462435603,3.57433369383216,-9.16701135225594,4.45727144367993,1.92078487481922,-3.0848913313821,0.118716154247522,-0.523166810162365
-76.1362283312674,15,-6.96863474324346,1.82046663947403,7.18354183249176,-9.18790050782263,-7.29175514075905,6.22933622915298,3.3589850505814,-4.99733997508883,-5.95420367084444,-0.523166810162365
-76.1362283312674,15,-9.65573810506612,7.70061072427779,-1.87285806518048,9.09577193204314,8.78571528475732,8.44572474714369,-7.9661343107,6.86607678886503,9.51541838701814,-9.02450954075903
-76.1362283312674,15,3.11608232092112,-8.50366372615099,6.96752178948373,7.04300242010504,7.14141886215657,5.5676527088508,-1.07639740221202,2.61437558103353,7.77387392241508,-7.96993602532893
-76.1362283312674,15,-9.65573810506612,-9.6273835003376,-5.71800388395786,-0.620105429552495,3.16129339393228,1.78933262359351,1.92078487481922,-3.30265506636351,7.5005840882659,-0.0649777660146356
-76.1362283312674,15,9.53769912477583,6.54070916585624,2.54689629655331,9.09577193204314,-0.173752312548459,8.97743587847799,1.92078487481922,1.60620978102088,-6.20884952601045,2.60976049583405
-76.1362283312674,15,-2.74244077503681,-8.98183194454759,2.44744168128818,4.32790003251284,1.51149838231504,-9.93868270423263,-1.07639740221202,8.61882456578314,4.46703607682139,-0.523166810162365
18.1743195935064,16,8.51900820620358,-4.70644088927656,0.0194094283506274,-0.620105429552495,-3.15782230347395,3.68302097544074,3.56624570675194,7.90469326078892,-8.55859004892409,-7.96993602532893
18.1743195935064,16,-0.386194060556591,-8.50366372615099,7.16522984206676,9.09577193204314,1.51149838231504,2.72123178932816,-1.81802511680871,-3.0848913313821,-6.20884952601045,-7.96993602532893
18.1743195935064,16,-6.96863474324346,3.9017968159169,6.96752178948373,0.951354773715138,-0.173752312548459,8.97743587847799,-7.41781426593661,-8.64411020185798,-5.95420367084444,-8.97748441435397
18.1743195935064,16,-2.74244077503681,0.157394367270172,-8.19572592619807,6.06980969198048,1.82069538161159,5.5676527088508,2.05693183932453,2.61437558103353,7.5005840882659,-1.18601754307747
18.1743195935064,16,8.51900820620358,-9.96285766363144,2.44744168128818,1.69196667615324,-9.04268903192133,5.56259939447045,-7.38023144192994,5.10246301069856,9.51541838701814,-3.19295376073569
18.1743195935064,16,-4.53077252488583,-7.06449824851006,-3.95890020299703,2.59195203892887,8.78571528475732,-7.58462887722999,-7.38023144192994,8.61882456578314,0.387044241651893,-3.79964602645487
18.1743195935064,16,-2.74244077503681,-7.72448290605098,-5.71800388395786,4.32790003251284,1.82069538161159,-9.81673458125442,-2.46683397330344,3.97914489731193,-8.24759900569916,0.126599548384547
18.1743195935064,16,-0.57609838899225,3.40402999892831,2.54689629655331,4.32790003251284,-3.08854335919023,-9.62375793606043,-1.81802511680871,4.30393466260284,0.387044241651893,3.81290340330452
18.1743195935064,16,-0.386194060556591,5.14499210752547,-8.65190513432026,6.37647714465857,-9.16701135225594,-9.81673458125442,3.3589850505814,8.65137892775238,8.66143714636564,-5.01051074825227
18.1743195935064,16,-0.386194060556591,-8.50366372615099,-1.87285806518048,9.09577193204314,-3.15782230347395,8.97743587847799,-3.56274055782706,7.93325351085514,-4.74930778611451,-3.84251587092876
-5.72546129229801,17,1.07635300606489,1.82046663947403,2.54689629655331,-3.88533201999962,3.16956048831344,8.44572474714369,3.3589850505814,-6.78904414642602,-8.66571701597422,0.126599548384547
-5.72546129229801,17,9.67207811772823,1.82046663947403,7.18354183249176,4.32790003251284,2.75843669660389,-7.58462887722999,-8.13719851430506,-3.30265506636351,8.66143714636564,-9.02450954075903
-5.72546129229801,17,-4.31533222086728,-8.98183194454759,-5.1233523664996,-7.47450715862215,7.66676592174917,6.39825673308223,-8.13719851430506,4.30393466260284,4.59043466951698,-5.01051074825227
-5.72546129229801,17,-6.78707377519459,0.378042156808078,3.99281602352858,4.32790003251284,-6.76339619792998,6.22933622915298,-7.41781426593661,7.93325351085514,4.46703607682139,-8.97748441435397
-5.72546129229801,17,-1.52488046325743,9.14349604398012,4.80954660102725,-7.3743654647842,7.66676592174917,3.68302097544074,-9.20031579211354,-3.58115899842232,-1.59222482237965,2.60976049583405
-5.72546129229801,17,8.51900820620358,-4.70644088927656,4.80954660102725,6.44010860007256,-2.75335243437439,-2.9357394669205,-4.69872585497797,3.75543391797692,8.66143714636564,0.264171427115798
-5.72546129229801,17,-4.31533222086728,3.9017968159169,-5.71800388395786,-5.46415699645877,-9.16701135225594,-9.81673458125442,-8.91277560032904,8.65137892775238,-1.59222482237965,9.75509830284864
-5.72546129229801,17,-1.36897775344551,5.14499210752547,-9.78334912098944,-0.620105429552495,-6.76339619792998,-9.62375793606043,4.17062811553478,-3.58115899842232,-1.59222482237965,-3.84251587092876
-5.72546129229801,17,3.56412593275309,0.157394367270172,7.89638803340495,-9.18790050782263,7.14141886215657,4.45727144367993,1.18418980855495,-3.44045831356198,7.77387392241508,-8.01149540115148
-5.72546129229801,17,-1.52488046325743,7.70061072427779,7.89638803340495,0.546589032746851,8.78571528475732,6.39825673308223,0.0540129095315933,8.65137892775238,4.41101035568863,3.69111300446093
-1.71184660456351,18,-9.65573810506612,-4.71829395741224,6.69892794452608,6.44010860007256,-9.16701135225594,8.54398371186107,2.05693183932453,2.61437558103353,4.10229933913797,-3.84251587092876
-1.71184660456351,18,-0.201091561466455,-9.6273835003376,0.975298462435603,-7.76454807259142,-8.67650348227471,6.39825673308223,-1.07639740221202,1.60620978102088,-5.95420367084444,-0.523166810162365
-1.71184660456351,18,1.07635300606489,-6.94076333194971,0.975298462435603,3.57433369383216,1.51149838231504,1.17085838224739,-1.81802511680871,3.22364422958344,-6.20884952601045,-8.01149540115148
-1.71184660456351,18,-5.81934489775449,5.14499210752547,0.0194094283506274,6.57306420151144,-3.08854335919023,4.69323267228901,-4.69872585497797,6.86607678886503,4.41101035568863,7.9565817117691
-1.71184660456351,18,-1.52488046325743,-6.94076333194971,7.18354183249176,-7.3743654647842,-8.67650348227471,2.72123178932816,-1.07639740221202,3.75543391797692,4.59043466951698,-3.79964602645487
-1.71184660456351,18,5.63218338880688,-4.70644088927656,-9.11273418925703,2.59195203892887,1.82069538161159,7.86953887436539,1.88324508722872,2.61437558103353,8.66143714636564,-3.84251587092876
-1.71184660456351,18,-1.52488046325743,-9.96285766363144,-8.19572592619807,-0.620105429552495,-7.29175514075905,-9.81673458125442,-9.20031579211354,-3.30265506636351,-5.95420367084444,2.60976049583405
-1.71184660456351,18,9.67207811772823,1.82046663947403,6.69892794452608,1.69196667615324,-7.29175514075905,7.86953887436539,-1.81802511680871,-3.58115899842232,9.61368074640632,-1.21349713299423
-1.71184660456351,18,-2.74244077503681,-7.06449824851006,1.39336636755615,3.57433369383216,-3.15782230347395,5.56259939447045,-7.9661343107,3.97914489731193,-3.39573104400188,0.39951863233
-1.71184660456351,18,-0.201091561466455,9.14349604398012,2.54689629655331,-6.58491271547973,-9.04268903192133,-0.0487202918156981,7.46630627196282,7.93325351085514,1.84447204228491,7.9565817117691
24.1113490663372,19,-3.52762477006763,3.9017968159169,3.99281602352858,0.951354773715138,3.29934776760638,6.39825673308223,-1.81802511680871,-8.64411020185798,9.51541838701814,-8.86462973430753
24.1113490663372,19,-0.201091561466455,-4.71829395741224,1.39336636755615,6.06980969198048,3.16956048831344,8.54398371186107,-2.46683397330344,-9.0710861235857,4.46703607682139,-8.86462973430753
24.1113490663372,19,-5.81934489775449,-8.50366372615099,-1.87285806518048,-0.620105429552495,3.16956048831344,5.56259939447045,3.56624570675194,8.61882456578314,-3.39573104400188,2.60976049583405
24.1113490663372,19,-3.52762477006763,9.14349604398012,3.99281602352858,-7.76454807259142,-0.173752312548459,1.78933262359351,-6.99353177566081,3.97914489731193,-2.53550211433321,0.126599548384547
24.1113490663372,19,-9.80452025309205,-8.62118742894381,0.975298462435603,-7.82039039302617,-6.47484977729619,8.97743587847799,-3.56274055782706,8.61882456578314,0.118716154247522,3.69111300446093
24.1113490663372,19,9.5991526870057,-4.71829395741224,-5.1233523664996,-5.46415699645877,-0.246040131896734,-7.58462887722999,1.18418980855495,8.44462288077921,-6.30705644376576,-7.96993602532893
24.1113490663372,19,-6.78707377519459,-8.98183194454759,1.39336636755615,-0.620105429552495,-3.08854335919023,7.86953887436539,0.000845920294523239,3.22364422958344,-5.95420367084444,5.06413352675736
24.1113490663372,19,9.5991526870057,5.69924301467836,-0.475715105421841,2.59195203892887,-0.173752312548459,-7.53429315518588,-9.20031579211354,3.75543391797692,-2.53550211433321,-2.58897865191102
24.1113490663372,19,6.90203536767513,2.91459473315626,7.18354183249176,-7.47450715862215,5.24305589962751,3.72900652233511,-3.31621430814266,8.65137892775238,1.84447204228491,-1.21349713299423
24.1113490663372,19,3.86126982048154,-6.94076333194971,-9.11273418925703,3.57433369383216,5.24305589962751,-7.53429315518588,4.17062811553478,7.90469326078892,-6.30705644376576,0.126599548384547
-26.3598881578396,20,5.63218338880688,-6.94076333194971,7.16522984206676,-5.46415699645877,8.78571528475732,-9.93868270423263,-6.99353177566081,1.60620978102088,-2.53550211433321,-0.523166810162365
-26.3598881578396,20,-0.57609838899225,-6.94076333194971,6.69892794452608,-7.82039039302617,5.24305589962751,-9.93868270423263,7.46630627196282,-1.24052417930216,4.10229933913797,3.69111300446093
-26.3598881578396,20,3.11608232092112,5.69924301467836,3.99281602352858,6.44010860007256,-2.60374771431088,-7.53429315518588,4.17062811553478,8.44462288077921,8.66143714636564,9.75509830284864
-26.3598881578396,20,3.56412593275309,3.40402999892831,0.70899466983974,0.546589032746851,-3.50209426600486,1.17085838224739,-7.38023144192994,-3.58115899842232,-8.66571701597422,-3.19295376073569
-26.3598881578396,20,-3.52762477006763,-9.6273835003376,7.89638803340495,-7.76454807259142,7.14141886215657,3.72900652233511,-7.38023144192994,3.97914489731193,-8.66571701597422,7.9565817117691
-26.3598881578396,20,3.11608232092112,1.82046663947403,6.69892794452608,-3.88533201999962,2.75843669660389,6.22933622915298,-0.0711967702955008,8.65137892775238,0.387044241651893,3.69111300446093
-26.3598881578396,20,3.11608232092112,-8.50366372615099,0.0194094283506274,0.546589032746851,-4.53754170797765,-6.03412283118814,-0.0711967702955008,4.30393466260284,4.10229933913797,-2.58897865191102
-26.3598881578396,20,1.07635300606489,-8.62118742894381,4.80954660102725,-3.88533201999962,-3.08854335919023,0.261385249905288,-7.9661343107,-3.58115899842232,9.61368074640632,5.06413352675736
-26.3598881578396,20,-9.65573810506612,-0.215216213837266,2.54689629655331,1.69196667615324,7.66676592174917,1.78933262359351,2.05693183932453,3.22364422958344,9.82904924079776,-8.01149540115148
-26.3598881578396,20,-1.36897775344551,5.14499210752547,6.96752178948373,6.68517757672817,7.66676592174917,8.54398371186107,-8.13719851430506,7.90469326078892,-1.59222482237965,0.39951863233
-14.6602130043343,21,-0.386194060556591,3.40402999892831,-8.65190513432026,-7.82039039302617,-7.29175514075905,-2.9357394669205,4.17062811553478,8.61882456578314,4.46703607682139,-2.58897865191102
-14.6602130043343,21,1.07635300606489,5.14499210752547,6.69892794452608,0.951354773715138,3.16129339393228,6.39825673308223,0.000845920294523239,7.90469326078892,-4.74930778611451,-0.523166810162365
-14.6602130043343,21,-5.81934489775449,-4.71829395741224,7.89638803340495,3.57433369383216,8.17407410591841,-9.93868270423263,-8.91277560032904,3.22364422958344,0.387044241651893,-2.58897865191102
-14.6602130043343,21,-9.80452025309205,-9.96285766363144,6.69892794452608,0.546589032746851,-3.15782230347395,0.261385249905288,1.18418980855495,-3.44045831356198,-8.55859004892409,3.69111300446093
-14.6602130043343,21,9.5991526870057,3.40402999892831,-3.95890020299703,6.68517757672817,7.14141886215657,1.78933262359351,7.46630627196282,7.90469326078892,4.59043466951698,-5.01051074825227
-14.6602130043343,21,-6.92676180042326,-4.71829395741224,-9.78334912098944,-9.18790050782263,-2.75335243437439,-9.62375793606043,-3.38895058725029,3.22364422958344,-4.81919343583286,3.69111300446093
-14.6602130043343,21,8.51900820620358,-8.62118742894381,0.0194094283506274,-7.3743654647842,2.75843669660389,3.68302097544074,-9.20031579211354,1.60620978102088,-8.59678018838167,5.06413352675736
-14.6602130043343,21,-6.92676180042326,5.69924301467836,6.96752178948373,-5.79870944377035,1.82069538161159,-2.9357394669205,-1.81802511680871,3.97914489731193,4.59043466951698,-7.28088274598122
-14.6602130043343,21,9.53769912477583,2.51928269863129,6.96752178948373,-7.47450715862215,-3.50209426600486,-9.62375793606043,-7.9661343107,-4.99733997508883,4.10229933913797,-8.01149540115148
-14.6602130043343,21,1.07635300606489,-9.96285766363144,7.16522984206676,-6.58491271547973,-0.246040131896734,-2.9357394669205,-9.20031579211354,7.14450318366289,-8.24759900569916,-7.28088274598122
76.5691964627743,22,-4.31533222086728,5.69924301467836,2.44744168128818,6.06980969198048,7.66676592174917,5.56259939447045,1.92078487481922,8.44462288077921,4.41101035568863,-9.02450954075903
76.5691964627743,22,6.90203536767513,6.54070916585624,4.80954660102725,3.57433369383216,-4.53754170797765,2.72123178932816,-8.91277560032904,-9.0710861235857,0.118716154247522,0.126599548384547
76.5691964627743,22,1.07635300606489,3.40402999892831,0.0194094283506274,8.6018531722948,3.29934776760638,7.86953887436539,-7.41781426593661,7.14450318366289,-8.59678018838167,-1.21349713299423
76.5691964627743,22,9.67207811772823,-7.72448290605098,-1.87285806518048,-5.79870944377035,7.66676592174917,5.5676527088508,-8.13719851430506,3.75543391797692,4.41101035568863,-3.19295376073569
76.5691964627743,22,9.53769912477583,-8.62118742894381,-8.65190513432026,6.68517757672817,1.51149838231504,5.56259939447045,-8.91277560032904,5.10246301069856,0.118716154247522,-1.18601754307747
76.5691964627743,22,9.67207811772823,1.82046663947403,3.97743732668459,-3.195666000247,-9.16701135225594,-2.9357394669205,-4.69872585497797,-3.30265506636351,-4.74930778611451,3.69111300446093
76.5691964627743,22,-2.74244077503681,2.51928269863129,7.16522984206676,-3.88533201999962,3.16129339393228,5.5676527088508,3.56624570675194,8.61882456578314,-8.24759900569916,-8.01149540115148
76.5691964627743,22,9.67207811772823,6.54070916585624,6.69892794452608,6.57306420151144,-0.246040131896734,-0.0487202918156981,-9.20031579211354,-1.24052417930216,4.10229933913797,3.81290340330452
76.5691964627743,22,-1.36897775344551,-4.71829395741224,2.54689629655331,6.44010860007256,-2.75335243437439,-0.0487202918156981,-3.38895058725029,-6.57025846187025,-8.59678018838167,0.39951863233
76.5691964627743,22,-6.96863474324346,7.70061072427779,-9.11273418925703,2.59195203892887,8.17407410591841,4.45727144367993,7.46630627196282,-6.57025846187025,4.46703607682139,-1.18601754307747
-19.7748646081832,23,-1.52488046325743,-9.6273835003376,-0.475715105421841,7.04300242010504,-2.60374771431088,0.261385249905288,0.0540129095315933,7.93325351085514,-6.30705644376576,-5.01051074825227
-19.7748646081832,23,-5.81934489775449,-6.94076333194971,2.54689629655331,-3.88533201999962,-4.53754170797765,-0.0487202918156981,-6.99353177566081,-6.57025846187025,-6.20884952601045,9.75509830284864
-19.7748646081832,23,-4.31533222086728,7.70061072427779,3.97743732668459,6.37647714465857,1.51149838231504,8.44572474714369,7.46630627196282,6.86607678886503,-1.59222482237965,-3.84251587092876
-19.7748646081832,23,-6.92676180042326,-4.70644088927656,-4.08144169487059,-9.18790050782263,-0.173752312548459,0.261385249905288,2.05693183932453,-8.64411020185798,9.82904924079776,-7.28088274598122
-19.7748646081832,23,-3.52762477006763,-9.96285766363144,0.975298462435603,-7.47450715862215,-7.29175514075905,6.22933622915298,0.000845920294523239,6.86607678886503,9.82904924079776,0.264171427115798
-19.7748646081832,23,-9.80452025309205,2.91459473315626,7.18354183249176,-6.58491271547973,-2.75335243437439,4.69323267228901,-3.38895058725029,-3.30265506636351,1.84447204228491,9.75509830284864
-19.7748646081832,23,3.56412593275309,5.53742247633636,-4.08144169487059,0.951354773715138,-6.76339619792998,6.39825673308223,0.000845920294523239,-3.0848913313821,9.61368074640632,0.264171427115798
-19.7748646081832,23,3.56412593275309,9.14349604398012,7.18354183249176,-3.88533201999962,1.82069538161159,4.69323267228901,3.3589850505814,8.44462288077921,-8.24759900569916,-9.02450954075903
-19.7748646081832,23,-2.74244077503681,0.378042156808078,3.99281602352858,4.32790003251284,-4.53754170797765,1.17085838224739,2.05693183932453,8.65137892775238,-6.20884952601045,-7.96993602532893
-19.7748646081832,23,3.56412593275309,3.9017968159169,3.97743732668459,1.69196667615324,-6.47484977729619,2.72123178932816,0.000845920294523239,1.60620978102088,-2.53550211433321,-9.02450954075903
-36.2336526717014,24,-6.96863474324346,7.70061072427779,-9.11273418925703,-3.195666000247,1.51149838231504,-9.81673458125442,1.88324508722872,3.75543391797692,1.84447204228491,-0.0649777660146356
-36.2336526717014,24,-0.386194060556591,9.14349604398012,-9.78334912098944,6.06980969198048,-9.16701135225594,-7.58462887722999,-7.9661343107,-8.64411020185798,-4.81919343583286,2.60976049583405
-36.2336526717014,24,-9.80452025309205,9.14349604398012,4.80954660102725,6.68517757672817,-3.50209426600486,1.78933262359351,3.3589850505814,3.75543391797692,4.46703607682139,-7.28088274598122
-36.2336526717014,24,-2.74244077503681,5.14499210752547,-5.1233523664996,-3.195666000247,-2.75335243437439,4.69323267228901,4.17062811553478,-3.58115899842232,0.387044241651893,-0.0649777660146356
-36.2336526717014,24,-5.81934489775449,7.45910874567926,3.97743732668459,-7.47450715862215,-6.76339619792998,-7.98434010241181,3.56624570675194,-6.57025846187025,0.387044241651893,-1.21349713299423
-36.2336526717014,24,3.86126982048154,-7.06449824851006,-3.95890020299703,-5.46415699645877,8.78571528475732,-6.03412283118814,-3.56274055782706,8.59503132291138,-6.30705644376576,2.60976049583405
-36.2336526717014,24,-4.53077252488583,7.45910874567926,7.89638803340495,3.57433369383216,-9.04268903192133,-0.0487202918156981,-1.07639740221202,-3.0848913313821,4.10229933913797,-1.59259724896401
-36.2336526717014,24,1.07635300606489,-0.215216213837266,7.16522984206676,1.69196667615324,-2.60374771431088,4.45727144367993,-7.38023144192994,-6.78904414642602,-1.59222482237965,9.75509830284864
-36.2336526717014,24,3.56412593275309,7.70061072427779,0.0194094283506274,-3.195666000247,8.78571528475732,8.54398371186107,-7.41781426593661,-3.30265506636351,9.51541838701814,-3.84251587092876
-36.2336526717014,24,-4.31533222086728,-7.72448290605098,-9.78334912098944,6.57306420151144,2.75843669660389,1.17085838224739,-3.56274055782706,-3.44045831356198,-4.81919343583286,2.60976049583405
4.42468986094189,25,-6.92676180042326,2.51928269863129,1.39336636755615,-7.47450715862215,1.82069538161159,6.22933622915298,-9.20031579211354,8.59503132291138,9.61368074640632,5.06413352675736
4.42468986094189,25,-9.65573810506612,-7.72448290605098,-5.71800388395786,6.06980969198048,-0.173752312548459,-6.03412283118814,-9.20031579211354,-6.57025846187025,4.41101035568863,-1.18601754307747
4.42468986094189,25,-6.96863474324346,-0.215216213837266,-4.08144169487059,7.04300242010504,-9.04268903192133,3.68302097544074,-3.31621430814266,-6.78904414642602,-8.55859004892409,-2.58897865191102
4.42468986094189,25,3.86126982048154,-4.70644088927656,-8.19572592619807,-0.620105429552495,1.51149838231504,8.44572474714369,-7.41781426593661,7.14450318366289,-6.20884952601045,-5.01051074825227
4.42468986094189,25,-6.96863474324346,3.40402999892831,0.975298462435603,-7.47450715862215,8.78571528475732,8.44572474714369,3.3589850505814,-9.0710861235857,4.59043466951698,-8.97748441435397
4.42468986094189,25,-4.31533222086728,-4.71829395741224,-9.11273418925703,-3.195666000247,5.24305589962751,8.44572474714369,-2.46683397330344,8.59503132291138,7.77387392241508,-1.59259724896401
4.42468986094189,25,-9.65573810506612,9.14349604398012,-3.95890020299703,4.32790003251284,-4.53754170797765,-9.62375793606043,0.000845920294523239,3.97914489731193,-8.24759900569916,-1.59259724896401
4.42468986094189,25,9.53769912477583,9.14349604398012,-8.65190513432026,6.06980969198048,5.24305589962751,2.72123178932816,3.56624570675194,-3.44045831356198,-4.81919343583286,-5.01051074825227
4.42468986094189,25,3.11608232092112,2.91459473315626,-8.65190513432026,-5.46415699645877,2.75843669660389,1.78933262359351,-7.41781426593661,-9.0710861235857,7.5005840882659,-7.28088274598122
4.42468986094189,25,5.63218338880688,-4.70644088927656,3.97743732668459,9.09577193204314,-3.50209426600486,5.5676527088508,-1.07639740221202,7.14450318366289,0.387044241651893,-8.97748441435397
