,dataset,rep,fold,score
0,nBag_25_nFeat_2_nInsPerBag_2,1,1,0.6712390555289094
1,nBag_25_nFeat_2_nInsPerBag_2,1,2,0.7054107913748497
2,nBag_25_nFeat_2_nInsPerBag_2,1,3,0.6202754820776041
3,nBag_25_nFeat_2_nInsPerBag_2,1,4,0.6884095846093191
4,nBag_25_nFeat_2_nInsPerBag_2,1,5,0.6784323729909937
5,nBag_25_nFeat_2_nInsPerBag_2,1,6,0.6514556476606211
6,nBag_25_nFeat_2_nInsPerBag_2,1,7,0.6769499357848162
7,nBag_25_nFeat_2_nInsPerBag_2,1,8,0.7044907232982166
8,nBag_25_nFeat_2_nInsPerBag_2,1,9,0.6562266226920735
9,nBag_25_nFeat_2_nInsPerBag_2,2,1,0.6820353424279815
10,nBag_25_nFeat_2_nInsPerBag_2,2,2,0.8227155438136868
11,nBag_25_nFeat_2_nInsPerBag_2,2,3,0.7618503854088734
12,nBag_25_nFeat_2_nInsPerBag_2,2,4,0.7288050133847878
13,nBag_25_nFeat_2_nInsPerBag_2,2,5,0.7102405688623195
14,nBag_25_nFeat_2_nInsPerBag_2,2,6,0.6407798370801021
15,nBag_25_nFeat_2_nInsPerBag_2,2,7,0.6278382608696931
16,nBag_25_nFeat_2_nInsPerBag_2,2,8,0.6479767851879916
17,nBag_25_nFeat_2_nInsPerBag_2,2,9,0.5305226869873418
18,nBag_25_nFeat_2_nInsPerBag_2,3,1,0.6863276477206849
19,nBag_25_nFeat_2_nInsPerBag_2,3,2,0.6549091706407355
20,nBag_25_nFeat_2_nInsPerBag_2,3,3,0.6648463109981676
21,nBag_25_nFeat_2_nInsPerBag_2,3,4,0.6464231585390736
22,nBag_25_nFeat_2_nInsPerBag_2,3,5,0.6783829227433337
23,nBag_25_nFeat_2_nInsPerBag_2,3,6,0.6642734116016608
24,nBag_25_nFeat_2_nInsPerBag_2,3,7,0.6891190739631718
25,nBag_25_nFeat_2_nInsPerBag_2,3,8,0.7129296513094922
26,nBag_25_nFeat_2_nInsPerBag_2,3,9,0.692406559311599
27,nBag_25_nFeat_2_nInsPerBag_2,4,1,0.6512936463403969
28,nBag_25_nFeat_2_nInsPerBag_2,4,2,0.6359340886051761
29,nBag_25_nFeat_2_nInsPerBag_2,4,3,0.6673945013135993
30,nBag_25_nFeat_2_nInsPerBag_2,4,4,0.6949314752812761
31,nBag_25_nFeat_2_nInsPerBag_2,4,5,0.7807606482009
32,nBag_25_nFeat_2_nInsPerBag_2,4,6,0.6721917154389967
33,nBag_25_nFeat_2_nInsPerBag_2,4,7,0.6690112211616853
34,nBag_25_nFeat_2_nInsPerBag_2,4,8,0.6323379961255957
35,nBag_25_nFeat_2_nInsPerBag_2,4,9,0.7148624187483602
36,nBag_25_nFeat_2_nInsPerBag_2,5,1,0.7353362562945455
37,nBag_25_nFeat_2_nInsPerBag_2,5,2,0.6665043855201679
38,nBag_25_nFeat_2_nInsPerBag_2,5,3,0.787603209279668
39,nBag_25_nFeat_2_nInsPerBag_2,5,4,0.690564996085553
40,nBag_25_nFeat_2_nInsPerBag_2,5,5,0.6058700496011502
41,nBag_25_nFeat_2_nInsPerBag_2,5,6,0.6904685669031821
42,nBag_25_nFeat_2_nInsPerBag_2,5,7,0.7535239693845793
43,nBag_25_nFeat_2_nInsPerBag_2,5,8,0.7096270568070302
44,nBag_25_nFeat_2_nInsPerBag_2,5,9,0.6736056287876578
45,nBag_25_nFeat_2_nInsPerBag_2,6,1,0.7246004332390272
46,nBag_25_nFeat_2_nInsPerBag_2,6,2,0.663174457343423
47,nBag_25_nFeat_2_nInsPerBag_2,6,3,0.7784408191425432
48,nBag_25_nFeat_2_nInsPerBag_2,6,4,0.6897985769609113
49,nBag_25_nFeat_2_nInsPerBag_2,6,5,0.6229897197114703
50,nBag_25_nFeat_2_nInsPerBag_2,6,6,0.6935892038480235
51,nBag_25_nFeat_2_nInsPerBag_2,6,7,0.6583398924535526
52,nBag_25_nFeat_2_nInsPerBag_2,6,8,0.5636293686714111
53,nBag_25_nFeat_2_nInsPerBag_2,6,9,0.6950362735187006
54,nBag_25_nFeat_2_nInsPerBag_2,7,1,0.6001096581947377
55,nBag_25_nFeat_2_nInsPerBag_2,7,2,0.6441115273468057
56,nBag_25_nFeat_2_nInsPerBag_2,7,3,0.6834211891409504
57,nBag_25_nFeat_2_nInsPerBag_2,7,4,0.7253777438152765
58,nBag_25_nFeat_2_nInsPerBag_2,7,5,0.6205630024484796
59,nBag_25_nFeat_2_nInsPerBag_2,7,6,0.684694322785967
60,nBag_25_nFeat_2_nInsPerBag_2,7,7,0.6292291717713466
61,nBag_25_nFeat_2_nInsPerBag_2,7,8,0.7280507541309265
62,nBag_25_nFeat_2_nInsPerBag_2,7,9,0.6739423914134791
63,nBag_25_nFeat_2_nInsPerBag_2,8,1,0.6428046190178816
64,nBag_25_nFeat_2_nInsPerBag_2,8,2,0.5775215587536542
65,nBag_25_nFeat_2_nInsPerBag_2,8,3,0.6997228203494117
66,nBag_25_nFeat_2_nInsPerBag_2,8,4,0.7325238009927001
67,nBag_25_nFeat_2_nInsPerBag_2,8,5,0.8765412195305431
68,nBag_25_nFeat_2_nInsPerBag_2,8,6,0.6191543773202922
69,nBag_25_nFeat_2_nInsPerBag_2,8,7,0.6917328895463509
70,nBag_25_nFeat_2_nInsPerBag_2,8,8,0.6244223805298736
71,nBag_25_nFeat_2_nInsPerBag_2,8,9,0.7582639176915038
72,nBag_25_nFeat_2_nInsPerBag_2,9,1,0.6748197430479922
73,nBag_25_nFeat_2_nInsPerBag_2,9,2,0.630788917478042
74,nBag_25_nFeat_2_nInsPerBag_2,9,3,0.687425441144473
75,nBag_25_nFeat_2_nInsPerBag_2,9,4,0.6771031570551463
76,nBag_25_nFeat_2_nInsPerBag_2,9,5,0.6055154630368157
77,nBag_25_nFeat_2_nInsPerBag_2,9,6,0.6495357011246932
78,nBag_25_nFeat_2_nInsPerBag_2,9,7,0.785996229352728
79,nBag_25_nFeat_2_nInsPerBag_2,9,8,0.6613428621334456
80,nBag_25_nFeat_2_nInsPerBag_2,9,9,0.6706062538257498
81,nBag_50_nFeat_2_nInsPerBag_10,1,1,2.6919168158180695
82,nBag_50_nFeat_2_nInsPerBag_10,1,2,2.6264211545857563
83,nBag_50_nFeat_2_nInsPerBag_10,1,3,2.5384869841290656
84,nBag_50_nFeat_2_nInsPerBag_10,1,4,2.4649107059758784
85,nBag_50_nFeat_2_nInsPerBag_10,1,5,2.7143554244507935
86,nBag_50_nFeat_2_nInsPerBag_10,1,6,2.5367691133298984
87,nBag_50_nFeat_2_nInsPerBag_10,1,7,2.5946125219564053
88,nBag_50_nFeat_2_nInsPerBag_10,1,8,2.5595127605907657
89,nBag_50_nFeat_2_nInsPerBag_10,1,9,2.7471758729184694
90,nBag_50_nFeat_2_nInsPerBag_10,2,1,2.3930048217134754
91,nBag_50_nFeat_2_nInsPerBag_10,2,2,2.7202093765275386
92,nBag_50_nFeat_2_nInsPerBag_10,2,3,2.536698733477028
93,nBag_50_nFeat_2_nInsPerBag_10,2,4,2.5654968904715
94,nBag_50_nFeat_2_nInsPerBag_10,2,5,2.608388259429146
95,nBag_50_nFeat_2_nInsPerBag_10,2,6,2.556172522776319
96,nBag_50_nFeat_2_nInsPerBag_10,2,7,2.5933250792812172
97,nBag_50_nFeat_2_nInsPerBag_10,2,8,2.663747469361934
98,nBag_50_nFeat_2_nInsPerBag_10,2,9,2.682773692871182
99,nBag_50_nFeat_2_nInsPerBag_10,3,1,2.5007677382136944
100,nBag_50_nFeat_2_nInsPerBag_10,3,2,2.6294379776822576
101,nBag_50_nFeat_2_nInsPerBag_10,3,3,2.7081131336452553
102,nBag_50_nFeat_2_nInsPerBag_10,3,4,2.706104088195018
103,nBag_50_nFeat_2_nInsPerBag_10,3,5,2.658499463985913
104,nBag_50_nFeat_2_nInsPerBag_10,3,6,2.5010483318210834
105,nBag_50_nFeat_2_nInsPerBag_10,3,7,2.536333983747855
106,nBag_50_nFeat_2_nInsPerBag_10,3,8,2.4783385745568283
107,nBag_50_nFeat_2_nInsPerBag_10,3,9,2.464673224602979
108,nBag_50_nFeat_2_nInsPerBag_10,4,1,2.6970508073396737
109,nBag_50_nFeat_2_nInsPerBag_10,4,2,2.6670657008771577
110,nBag_50_nFeat_2_nInsPerBag_10,4,3,2.6495542371244154
111,nBag_50_nFeat_2_nInsPerBag_10,4,4,2.516141788748942
112,nBag_50_nFeat_2_nInsPerBag_10,4,5,2.5723941118724953
113,nBag_50_nFeat_2_nInsPerBag_10,4,6,2.531671457485262
114,nBag_50_nFeat_2_nInsPerBag_10,4,7,2.6479596576475264
115,nBag_50_nFeat_2_nInsPerBag_10,4,8,2.5347604843614184
116,nBag_50_nFeat_2_nInsPerBag_10,4,9,2.5152306859480222
117,nBag_50_nFeat_2_nInsPerBag_10,5,1,2.449034062289575
118,nBag_50_nFeat_2_nInsPerBag_10,5,2,2.6109887850767453
119,nBag_50_nFeat_2_nInsPerBag_10,5,3,2.5870256668074494
120,nBag_50_nFeat_2_nInsPerBag_10,5,4,2.6380761020183754
121,nBag_50_nFeat_2_nInsPerBag_10,5,5,2.6235430726186375
122,nBag_50_nFeat_2_nInsPerBag_10,5,6,2.5835913743911774
123,nBag_50_nFeat_2_nInsPerBag_10,5,7,2.506049774917711
124,nBag_50_nFeat_2_nInsPerBag_10,5,8,2.7045374927931918
125,nBag_50_nFeat_2_nInsPerBag_10,5,9,2.7176540793382284
126,nBag_50_nFeat_2_nInsPerBag_10,6,1,2.695284947623842
127,nBag_50_nFeat_2_nInsPerBag_10,6,2,2.506344330396216
128,nBag_50_nFeat_2_nInsPerBag_10,6,3,2.758814897978772
129,nBag_50_nFeat_2_nInsPerBag_10,6,4,2.422037231606417
130,nBag_50_nFeat_2_nInsPerBag_10,6,5,2.5774235291911785
131,nBag_50_nFeat_2_nInsPerBag_10,6,6,2.5238513075858937
132,nBag_50_nFeat_2_nInsPerBag_10,6,7,2.5550603434075154
133,nBag_50_nFeat_2_nInsPerBag_10,6,8,2.511654761978251
134,nBag_50_nFeat_2_nInsPerBag_10,6,9,2.48921009046246
135,nBag_50_nFeat_2_nInsPerBag_10,7,1,2.6267872979601394
136,nBag_50_nFeat_2_nInsPerBag_10,7,2,2.595562061776107
137,nBag_50_nFeat_2_nInsPerBag_10,7,3,2.5698249845911203
138,nBag_50_nFeat_2_nInsPerBag_10,7,4,2.395549593008336
139,nBag_50_nFeat_2_nInsPerBag_10,7,5,2.7502724707383575
140,nBag_50_nFeat_2_nInsPerBag_10,7,6,2.646645642502036
141,nBag_50_nFeat_2_nInsPerBag_10,7,7,2.4736206287421667
142,nBag_50_nFeat_2_nInsPerBag_10,7,8,2.6948905569257606
143,nBag_50_nFeat_2_nInsPerBag_10,7,9,2.701327787173413
144,nBag_50_nFeat_2_nInsPerBag_10,8,1,2.409822846394449
145,nBag_50_nFeat_2_nInsPerBag_10,8,2,2.4692459288118607
146,nBag_50_nFeat_2_nInsPerBag_10,8,3,2.674524431227282
147,nBag_50_nFeat_2_nInsPerBag_10,8,4,2.6192576663679965
148,nBag_50_nFeat_2_nInsPerBag_10,8,5,2.557471337595695
149,nBag_50_nFeat_2_nInsPerBag_10,8,6,2.5577527415344066
150,nBag_50_nFeat_2_nInsPerBag_10,8,7,2.668458773578137
151,nBag_50_nFeat_2_nInsPerBag_10,8,8,2.6989492514098106
152,nBag_50_nFeat_2_nInsPerBag_10,8,9,2.556136509760638
153,nBag_50_nFeat_2_nInsPerBag_10,9,1,2.7195259462777703
154,nBag_50_nFeat_2_nInsPerBag_10,9,2,2.5736110090982223
155,nBag_50_nFeat_2_nInsPerBag_10,9,3,2.7027738544988984
156,nBag_50_nFeat_2_nInsPerBag_10,9,4,2.580755936888281
157,nBag_50_nFeat_2_nInsPerBag_10,9,5,2.5831372517185187
158,nBag_50_nFeat_2_nInsPerBag_10,9,6,2.6181268890347766
159,nBag_50_nFeat_2_nInsPerBag_10,9,7,2.5599386165560873
160,nBag_50_nFeat_2_nInsPerBag_10,9,8,2.6879459869819415
161,nBag_50_nFeat_2_nInsPerBag_10,9,9,2.739992403147372
162,nBag_25_nFeat_2_nInsPerBag_10,1,1,-0.7729812777372731
163,nBag_25_nFeat_2_nInsPerBag_10,1,2,-0.7392922110918216
164,nBag_25_nFeat_2_nInsPerBag_10,1,3,-0.7466233564985066
165,nBag_25_nFeat_2_nInsPerBag_10,1,4,-0.6984953821306742
166,nBag_25_nFeat_2_nInsPerBag_10,1,5,-0.733127340788412
167,nBag_25_nFeat_2_nInsPerBag_10,1,6,-0.7212389399613622
168,nBag_25_nFeat_2_nInsPerBag_10,1,7,-0.7341357399114196
169,nBag_25_nFeat_2_nInsPerBag_10,1,8,-0.7109415700521318
170,nBag_25_nFeat_2_nInsPerBag_10,1,9,-0.7582585914341011
171,nBag_25_nFeat_2_nInsPerBag_10,2,1,-0.7363213485784432
172,nBag_25_nFeat_2_nInsPerBag_10,2,2,-0.7225616961937905
173,nBag_25_nFeat_2_nInsPerBag_10,2,3,-0.761651449434673
174,nBag_25_nFeat_2_nInsPerBag_10,2,4,-0.7173510005386007
175,nBag_25_nFeat_2_nInsPerBag_10,2,5,-0.6678522217246738
176,nBag_25_nFeat_2_nInsPerBag_10,2,6,-0.7284742023027895
177,nBag_25_nFeat_2_nInsPerBag_10,2,7,-0.734694116534944
178,nBag_25_nFeat_2_nInsPerBag_10,2,8,-0.7399597000979896
179,nBag_25_nFeat_2_nInsPerBag_10,2,9,-0.7257396793835146
180,nBag_25_nFeat_2_nInsPerBag_10,3,1,-0.6824699457143503
181,nBag_25_nFeat_2_nInsPerBag_10,3,2,-0.708109377551424
182,nBag_25_nFeat_2_nInsPerBag_10,3,3,-0.730362084809527
183,nBag_25_nFeat_2_nInsPerBag_10,3,4,-0.7803321557853434
184,nBag_25_nFeat_2_nInsPerBag_10,3,5,-0.6958583691654736
185,nBag_25_nFeat_2_nInsPerBag_10,3,6,-0.6793888127667104
186,nBag_25_nFeat_2_nInsPerBag_10,3,7,-0.7262786168667466
187,nBag_25_nFeat_2_nInsPerBag_10,3,8,-0.7211114870914532
188,nBag_25_nFeat_2_nInsPerBag_10,3,9,-0.7180957978501946
189,nBag_25_nFeat_2_nInsPerBag_10,4,1,-0.7660994951069893
190,nBag_25_nFeat_2_nInsPerBag_10,4,2,-0.7088072962912094
191,nBag_25_nFeat_2_nInsPerBag_10,4,3,-0.7755092683983574
192,nBag_25_nFeat_2_nInsPerBag_10,4,4,-0.7256256060364276
193,nBag_25_nFeat_2_nInsPerBag_10,4,5,-0.7741199132897776
194,nBag_25_nFeat_2_nInsPerBag_10,4,6,-0.772538303251283
195,nBag_25_nFeat_2_nInsPerBag_10,4,7,-0.8021081102114277
196,nBag_25_nFeat_2_nInsPerBag_10,4,8,-0.7511540900683088
197,nBag_25_nFeat_2_nInsPerBag_10,4,9,-0.7258967833706546
198,nBag_25_nFeat_2_nInsPerBag_10,5,1,-0.744296029794731
199,nBag_25_nFeat_2_nInsPerBag_10,5,2,-0.6649482032681474
200,nBag_25_nFeat_2_nInsPerBag_10,5,3,-0.7636324248663379
201,nBag_25_nFeat_2_nInsPerBag_10,5,4,-0.7253789371174466
202,nBag_25_nFeat_2_nInsPerBag_10,5,5,-0.7465505404016595
203,nBag_25_nFeat_2_nInsPerBag_10,5,6,-0.7029065269762215
204,nBag_25_nFeat_2_nInsPerBag_10,5,7,-0.7710183398217972
205,nBag_25_nFeat_2_nInsPerBag_10,5,8,-0.7379848827971333
206,nBag_25_nFeat_2_nInsPerBag_10,5,9,-0.7315989459810405
207,nBag_25_nFeat_2_nInsPerBag_10,6,1,-0.7213454290328792
208,nBag_25_nFeat_2_nInsPerBag_10,6,2,-0.7402855030087747
209,nBag_25_nFeat_2_nInsPerBag_10,6,3,-0.7094819301161729
210,nBag_25_nFeat_2_nInsPerBag_10,6,4,-0.7495276824864157
211,nBag_25_nFeat_2_nInsPerBag_10,6,5,-0.7647290177071353
212,nBag_25_nFeat_2_nInsPerBag_10,6,6,-0.6734862390566329
213,nBag_25_nFeat_2_nInsPerBag_10,6,7,-0.6962359977042233
214,nBag_25_nFeat_2_nInsPerBag_10,6,8,-0.7407891896642896
215,nBag_25_nFeat_2_nInsPerBag_10,6,9,-0.6880543436231887
216,nBag_25_nFeat_2_nInsPerBag_10,7,1,-0.7702825622359998
217,nBag_25_nFeat_2_nInsPerBag_10,7,2,-0.7607192916884166
218,nBag_25_nFeat_2_nInsPerBag_10,7,3,-0.7773556755069547
219,nBag_25_nFeat_2_nInsPerBag_10,7,4,-0.7567976636339947
220,nBag_25_nFeat_2_nInsPerBag_10,7,5,-0.7566847280232573
221,nBag_25_nFeat_2_nInsPerBag_10,7,6,-0.7139800542960018
222,nBag_25_nFeat_2_nInsPerBag_10,7,7,-0.7452863703561148
223,nBag_25_nFeat_2_nInsPerBag_10,7,8,-0.7375298782526503
224,nBag_25_nFeat_2_nInsPerBag_10,7,9,-0.8050672778201756
225,nBag_25_nFeat_2_nInsPerBag_10,8,1,-0.7137136242092279
226,nBag_25_nFeat_2_nInsPerBag_10,8,2,-0.7391224146889617
227,nBag_25_nFeat_2_nInsPerBag_10,8,3,-0.7355033775325545
228,nBag_25_nFeat_2_nInsPerBag_10,8,4,-0.7405354053531513
229,nBag_25_nFeat_2_nInsPerBag_10,8,5,-0.7254522245580901
230,nBag_25_nFeat_2_nInsPerBag_10,8,6,-0.7734910744416642
231,nBag_25_nFeat_2_nInsPerBag_10,8,7,-0.7596583912819427
232,nBag_25_nFeat_2_nInsPerBag_10,8,8,-0.7311303510545619
233,nBag_25_nFeat_2_nInsPerBag_10,8,9,-0.7431704422453824
234,nBag_25_nFeat_2_nInsPerBag_10,9,1,-0.7393618358948097
235,nBag_25_nFeat_2_nInsPerBag_10,9,2,-0.7175443748619709
236,nBag_25_nFeat_2_nInsPerBag_10,9,3,-0.7559809549980915
237,nBag_25_nFeat_2_nInsPerBag_10,9,4,-0.7057187254691752
238,nBag_25_nFeat_2_nInsPerBag_10,9,5,-0.7174229330414386
239,nBag_25_nFeat_2_nInsPerBag_10,9,6,-0.7367815097720175
240,nBag_25_nFeat_2_nInsPerBag_10,9,7,-0.7851369070984381
241,nBag_25_nFeat_2_nInsPerBag_10,9,8,-0.7358542557007787
242,nBag_25_nFeat_2_nInsPerBag_10,9,9,-0.7251327010966802
243,nBag_25_nFeat_5_nInsPerBag_10,1,1,-1.7816834695614645
244,nBag_25_nFeat_5_nInsPerBag_10,1,2,-1.7647640357745384
245,nBag_25_nFeat_5_nInsPerBag_10,1,3,-1.7895660097261814
246,nBag_25_nFeat_5_nInsPerBag_10,1,4,-1.862514626119918
247,nBag_25_nFeat_5_nInsPerBag_10,1,5,-1.8324703987368451
248,nBag_25_nFeat_5_nInsPerBag_10,1,6,-1.9356192099224812
249,nBag_25_nFeat_5_nInsPerBag_10,1,7,-1.7971145370241723
250,nBag_25_nFeat_5_nInsPerBag_10,1,8,-1.999628399140287
251,nBag_25_nFeat_5_nInsPerBag_10,1,9,-1.999308568601383
252,nBag_25_nFeat_5_nInsPerBag_10,2,1,-1.8410595869887079
253,nBag_25_nFeat_5_nInsPerBag_10,2,2,-1.7894378816273704
254,nBag_25_nFeat_5_nInsPerBag_10,2,3,-1.876159483506999
255,nBag_25_nFeat_5_nInsPerBag_10,2,4,-1.9445983525174622
256,nBag_25_nFeat_5_nInsPerBag_10,2,5,-1.8389606406385102
257,nBag_25_nFeat_5_nInsPerBag_10,2,6,-1.9117280961054202
258,nBag_25_nFeat_5_nInsPerBag_10,2,7,-1.904599909535108
259,nBag_25_nFeat_5_nInsPerBag_10,2,8,-1.898597384560381
260,nBag_25_nFeat_5_nInsPerBag_10,2,9,-1.96303054580088
261,nBag_25_nFeat_5_nInsPerBag_10,3,1,-2.004918114350989
262,nBag_25_nFeat_5_nInsPerBag_10,3,2,-2.107676483767295
263,nBag_25_nFeat_5_nInsPerBag_10,3,3,-2.009305809929157
264,nBag_25_nFeat_5_nInsPerBag_10,3,4,-1.80022603691347
265,nBag_25_nFeat_5_nInsPerBag_10,3,5,-1.9005593265134737
266,nBag_25_nFeat_5_nInsPerBag_10,3,6,-1.7422612910219724
267,nBag_25_nFeat_5_nInsPerBag_10,3,7,-1.936046670516549
268,nBag_25_nFeat_5_nInsPerBag_10,3,8,-1.9280482364435707
269,nBag_25_nFeat_5_nInsPerBag_10,3,9,-1.9357268730604
270,nBag_25_nFeat_5_nInsPerBag_10,4,1,-1.8796202912161535
271,nBag_25_nFeat_5_nInsPerBag_10,4,2,-1.9610652765976333
272,nBag_25_nFeat_5_nInsPerBag_10,4,3,-2.101030105615197
273,nBag_25_nFeat_5_nInsPerBag_10,4,4,-1.9416006872452622
274,nBag_25_nFeat_5_nInsPerBag_10,4,5,-1.9352443225348126
275,nBag_25_nFeat_5_nInsPerBag_10,4,6,-1.884606241110219
276,nBag_25_nFeat_5_nInsPerBag_10,4,7,-1.8116352673912115
277,nBag_25_nFeat_5_nInsPerBag_10,4,8,-1.9081361980836866
278,nBag_25_nFeat_5_nInsPerBag_10,4,9,-1.8860127369254114
279,nBag_25_nFeat_5_nInsPerBag_10,5,1,-1.977917562287155
280,nBag_25_nFeat_5_nInsPerBag_10,5,2,-1.8702823598956957
281,nBag_25_nFeat_5_nInsPerBag_10,5,3,-1.9191677563686862
282,nBag_25_nFeat_5_nInsPerBag_10,5,4,-1.7910307925300775
283,nBag_25_nFeat_5_nInsPerBag_10,5,5,-1.9520659573959989
284,nBag_25_nFeat_5_nInsPerBag_10,5,6,-1.7952196649683694
285,nBag_25_nFeat_5_nInsPerBag_10,5,7,-1.9037497098450353
286,nBag_25_nFeat_5_nInsPerBag_10,5,8,-1.9429423197566749
287,nBag_25_nFeat_5_nInsPerBag_10,5,9,-1.9082767135835599
288,nBag_25_nFeat_5_nInsPerBag_10,6,1,-1.9763021876427316
289,nBag_25_nFeat_5_nInsPerBag_10,6,2,-1.8931587437509854
290,nBag_25_nFeat_5_nInsPerBag_10,6,3,-1.7373540940845202
291,nBag_25_nFeat_5_nInsPerBag_10,6,4,-1.8568273210025983
292,nBag_25_nFeat_5_nInsPerBag_10,6,5,-1.866007770900692
293,nBag_25_nFeat_5_nInsPerBag_10,6,6,-1.908720981517192
294,nBag_25_nFeat_5_nInsPerBag_10,6,7,-1.8839277473608902
295,nBag_25_nFeat_5_nInsPerBag_10,6,8,-1.9224863193256114
296,nBag_25_nFeat_5_nInsPerBag_10,6,9,-1.8174668871380084
297,nBag_25_nFeat_5_nInsPerBag_10,7,1,-1.8728466205962633
298,nBag_25_nFeat_5_nInsPerBag_10,7,2,-1.8578648400570552
299,nBag_25_nFeat_5_nInsPerBag_10,7,3,-1.6805748223988306
300,nBag_25_nFeat_5_nInsPerBag_10,7,4,-1.8175597556566903
301,nBag_25_nFeat_5_nInsPerBag_10,7,5,-1.98913411620656
302,nBag_25_nFeat_5_nInsPerBag_10,7,6,-2.026834816044997
303,nBag_25_nFeat_5_nInsPerBag_10,7,7,-2.0070635038054148
304,nBag_25_nFeat_5_nInsPerBag_10,7,8,-1.9370611990500264
305,nBag_25_nFeat_5_nInsPerBag_10,7,9,-1.9978031450930982
306,nBag_25_nFeat_5_nInsPerBag_10,8,1,-1.7865889897255647
307,nBag_25_nFeat_5_nInsPerBag_10,8,2,-1.8792181967716468
308,nBag_25_nFeat_5_nInsPerBag_10,8,3,-1.8497980472681494
309,nBag_25_nFeat_5_nInsPerBag_10,8,4,-1.74278692660079
310,nBag_25_nFeat_5_nInsPerBag_10,8,5,-1.8281569116935585
311,nBag_25_nFeat_5_nInsPerBag_10,8,6,-1.8377719604512597
312,nBag_25_nFeat_5_nInsPerBag_10,8,7,-1.916743758386769
313,nBag_25_nFeat_5_nInsPerBag_10,8,8,-1.932097155357256
314,nBag_25_nFeat_5_nInsPerBag_10,8,9,-2.0574415344963706
315,nBag_25_nFeat_5_nInsPerBag_10,9,1,-1.7515198005774073
316,nBag_25_nFeat_5_nInsPerBag_10,9,2,-1.8915855302088769
317,nBag_25_nFeat_5_nInsPerBag_10,9,3,-2.2307525170227622
318,nBag_25_nFeat_5_nInsPerBag_10,9,4,-1.8424717042481613
319,nBag_25_nFeat_5_nInsPerBag_10,9,5,-1.9838733929390435
320,nBag_25_nFeat_5_nInsPerBag_10,9,6,-1.9423526376098776
321,nBag_25_nFeat_5_nInsPerBag_10,9,7,-2.0807992779674946
322,nBag_25_nFeat_5_nInsPerBag_10,9,8,-1.7096862597637537
323,nBag_25_nFeat_5_nInsPerBag_10,9,9,-1.8373287593459655
324,nBag_50_nFeat_10_nInsPerBag_5,1,1,5.400512814268855
325,nBag_50_nFeat_10_nInsPerBag_5,1,2,5.5109156229557845
326,nBag_50_nFeat_10_nInsPerBag_5,1,3,5.369554170585097
327,nBag_50_nFeat_10_nInsPerBag_5,1,4,5.912080011716746
328,nBag_50_nFeat_10_nInsPerBag_5,1,5,5.3879624948168585
329,nBag_50_nFeat_10_nInsPerBag_5,1,6,5.617245276765701
330,nBag_50_nFeat_10_nInsPerBag_5,1,7,5.357986792800462
331,nBag_50_nFeat_10_nInsPerBag_5,1,8,5.657416725750781
332,nBag_50_nFeat_10_nInsPerBag_5,1,9,5.636451302770857
333,nBag_50_nFeat_10_nInsPerBag_5,2,1,5.251448045791841
334,nBag_50_nFeat_10_nInsPerBag_5,2,2,5.217758807701301
335,nBag_50_nFeat_10_nInsPerBag_5,2,3,5.146913282023001
336,nBag_50_nFeat_10_nInsPerBag_5,2,4,5.1235646387150195
337,nBag_50_nFeat_10_nInsPerBag_5,2,5,5.038016695754883
338,nBag_50_nFeat_10_nInsPerBag_5,2,6,5.36969985873643
339,nBag_50_nFeat_10_nInsPerBag_5,2,7,5.079908647297679
340,nBag_50_nFeat_10_nInsPerBag_5,2,8,5.106880161904494
341,nBag_50_nFeat_10_nInsPerBag_5,2,9,5.096692553078401
342,nBag_50_nFeat_10_nInsPerBag_5,3,1,5.451708421580215
343,nBag_50_nFeat_10_nInsPerBag_5,3,2,5.462887422173415
344,nBag_50_nFeat_10_nInsPerBag_5,3,3,5.313967715264787
345,nBag_50_nFeat_10_nInsPerBag_5,3,4,5.229520636818419
346,nBag_50_nFeat_10_nInsPerBag_5,3,5,5.243079099914306
347,nBag_50_nFeat_10_nInsPerBag_5,3,6,5.533814511836358
348,nBag_50_nFeat_10_nInsPerBag_5,3,7,5.539085923187568
349,nBag_50_nFeat_10_nInsPerBag_5,3,8,5.432982040261232
350,nBag_50_nFeat_10_nInsPerBag_5,3,9,5.380819506229948
351,nBag_50_nFeat_10_nInsPerBag_5,4,1,5.4286247897738615
352,nBag_50_nFeat_10_nInsPerBag_5,4,2,5.15171728810785
353,nBag_50_nFeat_10_nInsPerBag_5,4,3,5.5255161100630215
354,nBag_50_nFeat_10_nInsPerBag_5,4,4,5.428164131504151
355,nBag_50_nFeat_10_nInsPerBag_5,4,5,5.6379083109292125
356,nBag_50_nFeat_10_nInsPerBag_5,4,6,5.207540610076752
357,nBag_50_nFeat_10_nInsPerBag_5,4,7,5.626351933604138
358,nBag_50_nFeat_10_nInsPerBag_5,4,8,6.053388560626252
359,nBag_50_nFeat_10_nInsPerBag_5,4,9,5.293164350022823
360,nBag_50_nFeat_10_nInsPerBag_5,5,1,5.324632367147396
361,nBag_50_nFeat_10_nInsPerBag_5,5,2,5.086269995937097
362,nBag_50_nFeat_10_nInsPerBag_5,5,3,4.983613774263404
363,nBag_50_nFeat_10_nInsPerBag_5,5,4,5.278615832623869
364,nBag_50_nFeat_10_nInsPerBag_5,5,5,5.228320701681515
365,nBag_50_nFeat_10_nInsPerBag_5,5,6,5.413424491091846
366,nBag_50_nFeat_10_nInsPerBag_5,5,7,5.27117220463772
367,nBag_50_nFeat_10_nInsPerBag_5,5,8,5.567929413863513
368,nBag_50_nFeat_10_nInsPerBag_5,5,9,5.242365717562773
369,nBag_50_nFeat_10_nInsPerBag_5,6,1,5.2547435390785875
370,nBag_50_nFeat_10_nInsPerBag_5,6,2,5.3674420750697305
371,nBag_50_nFeat_10_nInsPerBag_5,6,3,5.699705483346222
372,nBag_50_nFeat_10_nInsPerBag_5,6,4,5.002746003406999
373,nBag_50_nFeat_10_nInsPerBag_5,6,5,5.729795647476819
374,nBag_50_nFeat_10_nInsPerBag_5,6,6,5.79171671064371
375,nBag_50_nFeat_10_nInsPerBag_5,6,7,5.1590750385203545
376,nBag_50_nFeat_10_nInsPerBag_5,6,8,5.367461673728248
377,nBag_50_nFeat_10_nInsPerBag_5,6,9,5.217232505011997
378,nBag_50_nFeat_10_nInsPerBag_5,7,1,5.317070447545597
379,nBag_50_nFeat_10_nInsPerBag_5,7,2,5.471407517877889
380,nBag_50_nFeat_10_nInsPerBag_5,7,3,5.615502752360571
381,nBag_50_nFeat_10_nInsPerBag_5,7,4,6.0408856779636055
382,nBag_50_nFeat_10_nInsPerBag_5,7,5,5.199306429361439
383,nBag_50_nFeat_10_nInsPerBag_5,7,6,5.475914918216606
384,nBag_50_nFeat_10_nInsPerBag_5,7,7,5.052892519148391
385,nBag_50_nFeat_10_nInsPerBag_5,7,8,5.366199336606282
386,nBag_50_nFeat_10_nInsPerBag_5,7,9,5.305746533322363
387,nBag_50_nFeat_10_nInsPerBag_5,8,1,5.318200584947766
388,nBag_50_nFeat_10_nInsPerBag_5,8,2,5.090817537743023
389,nBag_50_nFeat_10_nInsPerBag_5,8,3,5.44264727880092
390,nBag_50_nFeat_10_nInsPerBag_5,8,4,5.637652437933625
391,nBag_50_nFeat_10_nInsPerBag_5,8,5,5.599735942436332
392,nBag_50_nFeat_10_nInsPerBag_5,8,6,5.112373725396896
393,nBag_50_nFeat_10_nInsPerBag_5,8,7,5.391459222507368
394,nBag_50_nFeat_10_nInsPerBag_5,8,8,5.424045794580742
395,nBag_50_nFeat_10_nInsPerBag_5,8,9,5.337334537596158
396,nBag_50_nFeat_10_nInsPerBag_5,9,1,5.238884242559594
397,nBag_50_nFeat_10_nInsPerBag_5,9,2,5.481988269923741
398,nBag_50_nFeat_10_nInsPerBag_5,9,3,5.389877298030461
399,nBag_50_nFeat_10_nInsPerBag_5,9,4,5.457511273378677
400,nBag_50_nFeat_10_nInsPerBag_5,9,5,5.388991337642491
401,nBag_50_nFeat_10_nInsPerBag_5,9,6,5.435190003596824
402,nBag_50_nFeat_10_nInsPerBag_5,9,7,5.5849824550918985
403,nBag_50_nFeat_10_nInsPerBag_5,9,8,5.665101549645156
404,nBag_50_nFeat_10_nInsPerBag_5,9,9,5.787986955605382
405,nBag_50_nFeat_10_nInsPerBag_10,1,1,2.201770661137654
406,nBag_50_nFeat_10_nInsPerBag_10,1,2,2.3983201966284895
407,nBag_50_nFeat_10_nInsPerBag_10,1,3,2.008216897157297
408,nBag_50_nFeat_10_nInsPerBag_10,1,4,2.3476640512222144
409,nBag_50_nFeat_10_nInsPerBag_10,1,5,2.1403470098614608
410,nBag_50_nFeat_10_nInsPerBag_10,1,6,2.2335492212071215
411,nBag_50_nFeat_10_nInsPerBag_10,1,7,2.1340694728713157
412,nBag_50_nFeat_10_nInsPerBag_10,1,8,2.4760447277385405
413,nBag_50_nFeat_10_nInsPerBag_10,1,9,2.4386564782613234
414,nBag_50_nFeat_10_nInsPerBag_10,2,1,2.2830620955025567
415,nBag_50_nFeat_10_nInsPerBag_10,2,2,2.631099846666656
416,nBag_50_nFeat_10_nInsPerBag_10,2,3,2.2164374581184743
417,nBag_50_nFeat_10_nInsPerBag_10,2,4,2.368786236359266
418,nBag_50_nFeat_10_nInsPerBag_10,2,5,2.414315672835263
419,nBag_50_nFeat_10_nInsPerBag_10,2,6,2.1376030234017076
420,nBag_50_nFeat_10_nInsPerBag_10,2,7,2.2655289033191814
421,nBag_50_nFeat_10_nInsPerBag_10,2,8,2.173872029675754
422,nBag_50_nFeat_10_nInsPerBag_10,2,9,2.274708099360403
423,nBag_50_nFeat_10_nInsPerBag_10,3,1,1.8688044153671863
424,nBag_50_nFeat_10_nInsPerBag_10,3,2,2.57143626146485
425,nBag_50_nFeat_10_nInsPerBag_10,3,3,2.310804329647884
426,nBag_50_nFeat_10_nInsPerBag_10,3,4,2.0962029159833673
427,nBag_50_nFeat_10_nInsPerBag_10,3,5,2.266480735382782
428,nBag_50_nFeat_10_nInsPerBag_10,3,6,2.4269269062104586
429,nBag_50_nFeat_10_nInsPerBag_10,3,7,2.2662347235302835
430,nBag_50_nFeat_10_nInsPerBag_10,3,8,2.2548992576939404
431,nBag_50_nFeat_10_nInsPerBag_10,3,9,2.4068134639870027
432,nBag_50_nFeat_10_nInsPerBag_10,4,1,2.2417056110822244
433,nBag_50_nFeat_10_nInsPerBag_10,4,2,2.260086729996164
434,nBag_50_nFeat_10_nInsPerBag_10,4,3,2.239218773840068
435,nBag_50_nFeat_10_nInsPerBag_10,4,4,2.292563610925208
436,nBag_50_nFeat_10_nInsPerBag_10,4,5,2.187178193090466
437,nBag_50_nFeat_10_nInsPerBag_10,4,6,2.079624748128706
438,nBag_50_nFeat_10_nInsPerBag_10,4,7,2.0674849448414103
439,nBag_50_nFeat_10_nInsPerBag_10,4,8,2.3888947570197914
440,nBag_50_nFeat_10_nInsPerBag_10,4,9,2.2016638365453125
441,nBag_50_nFeat_10_nInsPerBag_10,5,1,2.4273244382027666
442,nBag_50_nFeat_10_nInsPerBag_10,5,2,2.352622838103187
443,nBag_50_nFeat_10_nInsPerBag_10,5,3,2.1739604457981248
444,nBag_50_nFeat_10_nInsPerBag_10,5,4,2.055497077759516
445,nBag_50_nFeat_10_nInsPerBag_10,5,5,2.12359156013786
446,nBag_50_nFeat_10_nInsPerBag_10,5,6,1.8202054688951772
447,nBag_50_nFeat_10_nInsPerBag_10,5,7,2.615925800456069
448,nBag_50_nFeat_10_nInsPerBag_10,5,8,2.3020389965201025
449,nBag_50_nFeat_10_nInsPerBag_10,5,9,2.256953425565745
450,nBag_50_nFeat_10_nInsPerBag_10,6,1,2.177190265147637
451,nBag_50_nFeat_10_nInsPerBag_10,6,2,2.3923190754196217
452,nBag_50_nFeat_10_nInsPerBag_10,6,3,2.0704639704075545
453,nBag_50_nFeat_10_nInsPerBag_10,6,4,2.3614329117825372
454,nBag_50_nFeat_10_nInsPerBag_10,6,5,2.2942206868633566
455,nBag_50_nFeat_10_nInsPerBag_10,6,6,2.410016085647784
456,nBag_50_nFeat_10_nInsPerBag_10,6,7,2.5559246197965724
457,nBag_50_nFeat_10_nInsPerBag_10,6,8,2.5242488798197873
458,nBag_50_nFeat_10_nInsPerBag_10,6,9,2.5199310739658825
459,nBag_50_nFeat_10_nInsPerBag_10,7,1,2.131782627174479
460,nBag_50_nFeat_10_nInsPerBag_10,7,2,2.364882342608597
461,nBag_50_nFeat_10_nInsPerBag_10,7,3,2.1437421161336165
462,nBag_50_nFeat_10_nInsPerBag_10,7,4,2.640829346358931
463,nBag_50_nFeat_10_nInsPerBag_10,7,5,2.2814569816429526
464,nBag_50_nFeat_10_nInsPerBag_10,7,6,1.9819068081158588
465,nBag_50_nFeat_10_nInsPerBag_10,7,7,2.136873159885485
466,nBag_50_nFeat_10_nInsPerBag_10,7,8,2.406609240993555
467,nBag_50_nFeat_10_nInsPerBag_10,7,9,2.411072497289717
468,nBag_50_nFeat_10_nInsPerBag_10,8,1,1.8321030609936346
469,nBag_50_nFeat_10_nInsPerBag_10,8,2,2.2100499492457604
470,nBag_50_nFeat_10_nInsPerBag_10,8,3,1.8884709378411095
471,nBag_50_nFeat_10_nInsPerBag_10,8,4,2.335138009325478
472,nBag_50_nFeat_10_nInsPerBag_10,8,5,2.0447652999435553
473,nBag_50_nFeat_10_nInsPerBag_10,8,6,2.254376908857945
474,nBag_50_nFeat_10_nInsPerBag_10,8,7,2.13943230245565
475,nBag_50_nFeat_10_nInsPerBag_10,8,8,2.2880229621624175
476,nBag_50_nFeat_10_nInsPerBag_10,8,9,2.308537395333025
477,nBag_50_nFeat_10_nInsPerBag_10,9,1,2.2567077986445523
478,nBag_50_nFeat_10_nInsPerBag_10,9,2,2.0426124066061915
479,nBag_50_nFeat_10_nInsPerBag_10,9,3,2.3298969403265715
480,nBag_50_nFeat_10_nInsPerBag_10,9,4,2.040674064743655
481,nBag_50_nFeat_10_nInsPerBag_10,9,5,2.384322066876569
482,nBag_50_nFeat_10_nInsPerBag_10,9,6,2.283143986962964
483,nBag_50_nFeat_10_nInsPerBag_10,9,7,2.43165218598088
484,nBag_50_nFeat_10_nInsPerBag_10,9,8,1.755490483553269
485,nBag_50_nFeat_10_nInsPerBag_10,9,9,2.408576320865301
486,nBag_50_nFeat_5_nInsPerBag_2,1,1,2.617574242492634
487,nBag_50_nFeat_5_nInsPerBag_2,1,2,2.726677587727139
488,nBag_50_nFeat_5_nInsPerBag_2,1,3,2.6094995407548662
489,nBag_50_nFeat_5_nInsPerBag_2,1,4,2.652507894658432
490,nBag_50_nFeat_5_nInsPerBag_2,1,5,2.5786683481581925
491,nBag_50_nFeat_5_nInsPerBag_2,1,6,2.890278912611952
492,nBag_50_nFeat_5_nInsPerBag_2,1,7,2.735257740297033
493,nBag_50_nFeat_5_nInsPerBag_2,1,8,2.7811090374376257
494,nBag_50_nFeat_5_nInsPerBag_2,1,9,2.6708083355108103
495,nBag_50_nFeat_5_nInsPerBag_2,2,1,2.835811599702744
496,nBag_50_nFeat_5_nInsPerBag_2,2,2,2.9978401235501626
497,nBag_50_nFeat_5_nInsPerBag_2,2,3,2.5351602640559343
498,nBag_50_nFeat_5_nInsPerBag_2,2,4,3.007579685619053
499,nBag_50_nFeat_5_nInsPerBag_2,2,5,2.8767301604958586
500,nBag_50_nFeat_5_nInsPerBag_2,2,6,2.8884372324217535
501,nBag_50_nFeat_5_nInsPerBag_2,2,7,2.8158760300717325
502,nBag_50_nFeat_5_nInsPerBag_2,2,8,2.684104356409872
503,nBag_50_nFeat_5_nInsPerBag_2,2,9,2.8730068528367205
504,nBag_50_nFeat_5_nInsPerBag_2,3,1,3.056605021005258
505,nBag_50_nFeat_5_nInsPerBag_2,3,2,2.7780345861325073
506,nBag_50_nFeat_5_nInsPerBag_2,3,3,3.020114874049974
507,nBag_50_nFeat_5_nInsPerBag_2,3,4,2.600091041700257
508,nBag_50_nFeat_5_nInsPerBag_2,3,5,2.8834339601645205
509,nBag_50_nFeat_5_nInsPerBag_2,3,6,2.833858495571445
510,nBag_50_nFeat_5_nInsPerBag_2,3,7,2.762138363075236
511,nBag_50_nFeat_5_nInsPerBag_2,3,8,2.798644139153904
512,nBag_50_nFeat_5_nInsPerBag_2,3,9,2.8824133098841194
513,nBag_50_nFeat_5_nInsPerBag_2,4,1,2.603833269824679
514,nBag_50_nFeat_5_nInsPerBag_2,4,2,2.6675923117205396
515,nBag_50_nFeat_5_nInsPerBag_2,4,3,2.6774229155313924
516,nBag_50_nFeat_5_nInsPerBag_2,4,4,2.9370493893408938
517,nBag_50_nFeat_5_nInsPerBag_2,4,5,2.902254963423664
518,nBag_50_nFeat_5_nInsPerBag_2,4,6,2.7712720459577236
519,nBag_50_nFeat_5_nInsPerBag_2,4,7,2.820612178038029
520,nBag_50_nFeat_5_nInsPerBag_2,4,8,2.8480515587529243
521,nBag_50_nFeat_5_nInsPerBag_2,4,9,3.10781829615548
522,nBag_50_nFeat_5_nInsPerBag_2,5,1,2.962010792101755
523,nBag_50_nFeat_5_nInsPerBag_2,5,2,2.851249473659953
524,nBag_50_nFeat_5_nInsPerBag_2,5,3,2.7539725343180064
525,nBag_50_nFeat_5_nInsPerBag_2,5,4,2.916633246840408
526,nBag_50_nFeat_5_nInsPerBag_2,5,5,2.902930949816177
527,nBag_50_nFeat_5_nInsPerBag_2,5,6,2.951137393905132
528,nBag_50_nFeat_5_nInsPerBag_2,5,7,2.661736458025821
529,nBag_50_nFeat_5_nInsPerBag_2,5,8,2.7484773108463485
530,nBag_50_nFeat_5_nInsPerBag_2,5,9,2.8587547756228258
531,nBag_50_nFeat_5_nInsPerBag_2,6,1,3.059214061544171
532,nBag_50_nFeat_5_nInsPerBag_2,6,2,2.746115966801008
533,nBag_50_nFeat_5_nInsPerBag_2,6,3,2.7178652131737633
534,nBag_50_nFeat_5_nInsPerBag_2,6,4,2.754395008856251
535,nBag_50_nFeat_5_nInsPerBag_2,6,5,2.8233809733519375
536,nBag_50_nFeat_5_nInsPerBag_2,6,6,2.9255961483130384
537,nBag_50_nFeat_5_nInsPerBag_2,6,7,2.952092711454882
538,nBag_50_nFeat_5_nInsPerBag_2,6,8,3.1354715003199924
539,nBag_50_nFeat_5_nInsPerBag_2,6,9,2.836768598957131
540,nBag_50_nFeat_5_nInsPerBag_2,7,1,2.75546030396999
541,nBag_50_nFeat_5_nInsPerBag_2,7,2,2.641351821077294
542,nBag_50_nFeat_5_nInsPerBag_2,7,3,2.678000514056692
543,nBag_50_nFeat_5_nInsPerBag_2,7,4,3.0099832758216176
544,nBag_50_nFeat_5_nInsPerBag_2,7,5,2.7950280785053843
545,nBag_50_nFeat_5_nInsPerBag_2,7,6,3.0616158076351563
546,nBag_50_nFeat_5_nInsPerBag_2,7,7,2.771973876835558
547,nBag_50_nFeat_5_nInsPerBag_2,7,8,2.884725244384505
548,nBag_50_nFeat_5_nInsPerBag_2,7,9,2.8848048004374682
549,nBag_50_nFeat_5_nInsPerBag_2,8,1,2.7999063942356934
550,nBag_50_nFeat_5_nInsPerBag_2,8,2,2.845899247669758
551,nBag_50_nFeat_5_nInsPerBag_2,8,3,2.7448364619775596
552,nBag_50_nFeat_5_nInsPerBag_2,8,4,2.6676166830558876
553,nBag_50_nFeat_5_nInsPerBag_2,8,5,2.769125009369681
554,nBag_50_nFeat_5_nInsPerBag_2,8,6,2.806487312241606
555,nBag_50_nFeat_5_nInsPerBag_2,8,7,2.780498116704388
556,nBag_50_nFeat_5_nInsPerBag_2,8,8,2.8433389905840225
557,nBag_50_nFeat_5_nInsPerBag_2,8,9,2.909066763128163
558,nBag_50_nFeat_5_nInsPerBag_2,9,1,2.9031490655043495
559,nBag_50_nFeat_5_nInsPerBag_2,9,2,3.122507521601552
560,nBag_50_nFeat_5_nInsPerBag_2,9,3,2.6942015136166417
561,nBag_50_nFeat_5_nInsPerBag_2,9,4,2.8350022635180596
562,nBag_50_nFeat_5_nInsPerBag_2,9,5,2.91105814372836
563,nBag_50_nFeat_5_nInsPerBag_2,9,6,2.9734689261074125
564,nBag_50_nFeat_5_nInsPerBag_2,9,7,2.552169772471461
565,nBag_50_nFeat_5_nInsPerBag_2,9,8,2.4591768629609096
566,nBag_50_nFeat_5_nInsPerBag_2,9,9,2.491878291691611
567,nBag_50_nFeat_2_nInsPerBag_2,1,1,-1.5233137139544688
568,nBag_50_nFeat_2_nInsPerBag_2,1,2,-1.4728852069781606
569,nBag_50_nFeat_2_nInsPerBag_2,1,3,-1.5485565955586762
570,nBag_50_nFeat_2_nInsPerBag_2,1,4,-1.5305611280784732
571,nBag_50_nFeat_2_nInsPerBag_2,1,5,-1.500242712943176
572,nBag_50_nFeat_2_nInsPerBag_2,1,6,-1.4478612744816195
573,nBag_50_nFeat_2_nInsPerBag_2,1,7,-1.5832825054401123
574,nBag_50_nFeat_2_nInsPerBag_2,1,8,-1.490889161981722
575,nBag_50_nFeat_2_nInsPerBag_2,1,9,-1.5436640640019625
576,nBag_50_nFeat_2_nInsPerBag_2,2,1,-1.58660831576115
577,nBag_50_nFeat_2_nInsPerBag_2,2,2,-1.2708929449452648
578,nBag_50_nFeat_2_nInsPerBag_2,2,3,-1.3979405315202762
579,nBag_50_nFeat_2_nInsPerBag_2,2,4,-1.3330243045016739
580,nBag_50_nFeat_2_nInsPerBag_2,2,5,-1.5281181210451915
581,nBag_50_nFeat_2_nInsPerBag_2,2,6,-1.394723903238342
582,nBag_50_nFeat_2_nInsPerBag_2,2,7,-1.3489446356828045
583,nBag_50_nFeat_2_nInsPerBag_2,2,8,-1.4252223599862512
584,nBag_50_nFeat_2_nInsPerBag_2,2,9,-1.5736620160474228
585,nBag_50_nFeat_2_nInsPerBag_2,3,1,-1.5105166270118433
586,nBag_50_nFeat_2_nInsPerBag_2,3,2,-1.5147703535376003
587,nBag_50_nFeat_2_nInsPerBag_2,3,3,-1.3786837559590883
588,nBag_50_nFeat_2_nInsPerBag_2,3,4,-1.5257803953959965
589,nBag_50_nFeat_2_nInsPerBag_2,3,5,-1.482243809601267
590,nBag_50_nFeat_2_nInsPerBag_2,3,6,-1.3986528916951038
591,nBag_50_nFeat_2_nInsPerBag_2,3,7,-1.5222046584379791
592,nBag_50_nFeat_2_nInsPerBag_2,3,8,-1.4726628010987752
593,nBag_50_nFeat_2_nInsPerBag_2,3,9,-1.5159319357492274
594,nBag_50_nFeat_2_nInsPerBag_2,4,1,-1.4827677480500343
595,nBag_50_nFeat_2_nInsPerBag_2,4,2,-1.323370195326681
596,nBag_50_nFeat_2_nInsPerBag_2,4,3,-1.4596977447669734
597,nBag_50_nFeat_2_nInsPerBag_2,4,4,-1.5124685843082966
598,nBag_50_nFeat_2_nInsPerBag_2,4,5,-1.4776102661829549
599,nBag_50_nFeat_2_nInsPerBag_2,4,6,-1.52979169141968
600,nBag_50_nFeat_2_nInsPerBag_2,4,7,-1.6965153967861348
601,nBag_50_nFeat_2_nInsPerBag_2,4,8,-1.4425708590678072
602,nBag_50_nFeat_2_nInsPerBag_2,4,9,-1.4584193923485882
603,nBag_50_nFeat_2_nInsPerBag_2,5,1,-1.3362246889513183
604,nBag_50_nFeat_2_nInsPerBag_2,5,2,-1.4713572259770449
605,nBag_50_nFeat_2_nInsPerBag_2,5,3,-1.5175321133302808
606,nBag_50_nFeat_2_nInsPerBag_2,5,4,-1.595597094893054
607,nBag_50_nFeat_2_nInsPerBag_2,5,5,-1.4359058600777073
608,nBag_50_nFeat_2_nInsPerBag_2,5,6,-1.6279927516524846
609,nBag_50_nFeat_2_nInsPerBag_2,5,7,-1.3666742549055337
610,nBag_50_nFeat_2_nInsPerBag_2,5,8,-1.4973946971748104
611,nBag_50_nFeat_2_nInsPerBag_2,5,9,-1.5039742427121718
612,nBag_50_nFeat_2_nInsPerBag_2,6,1,-1.417937245638015
613,nBag_50_nFeat_2_nInsPerBag_2,6,2,-1.391197984842868
614,nBag_50_nFeat_2_nInsPerBag_2,6,3,-1.4749374315469579
615,nBag_50_nFeat_2_nInsPerBag_2,6,4,-1.4634841676892734
616,nBag_50_nFeat_2_nInsPerBag_2,6,5,-1.459909714254564
617,nBag_50_nFeat_2_nInsPerBag_2,6,6,-1.5654312796761616
618,nBag_50_nFeat_2_nInsPerBag_2,6,7,-1.535392413973694
619,nBag_50_nFeat_2_nInsPerBag_2,6,8,-1.6169714929565808
620,nBag_50_nFeat_2_nInsPerBag_2,6,9,-1.5016802672936282
621,nBag_50_nFeat_2_nInsPerBag_2,7,1,-1.36851692360792
622,nBag_50_nFeat_2_nInsPerBag_2,7,2,-1.6121768122758477
623,nBag_50_nFeat_2_nInsPerBag_2,7,3,-1.536223480008147
624,nBag_50_nFeat_2_nInsPerBag_2,7,4,-1.341267366106537
625,nBag_50_nFeat_2_nInsPerBag_2,7,5,-1.4529292749074956
626,nBag_50_nFeat_2_nInsPerBag_2,7,6,-1.5392878853117113
627,nBag_50_nFeat_2_nInsPerBag_2,7,7,-1.5788109390494265
628,nBag_50_nFeat_2_nInsPerBag_2,7,8,-1.4903330380891402
629,nBag_50_nFeat_2_nInsPerBag_2,7,9,-1.4488400409927316
630,nBag_50_nFeat_2_nInsPerBag_2,8,1,-1.5601219140453997
631,nBag_50_nFeat_2_nInsPerBag_2,8,2,-1.473840954199268
632,nBag_50_nFeat_2_nInsPerBag_2,8,3,-1.5383935664790038
633,nBag_50_nFeat_2_nInsPerBag_2,8,4,-1.4039805580537024
634,nBag_50_nFeat_2_nInsPerBag_2,8,5,-1.3960587473271746
635,nBag_50_nFeat_2_nInsPerBag_2,8,6,-1.3860951975554445
636,nBag_50_nFeat_2_nInsPerBag_2,8,7,-1.4172794643138371
637,nBag_50_nFeat_2_nInsPerBag_2,8,8,-1.4471659086037716
638,nBag_50_nFeat_2_nInsPerBag_2,8,9,-1.4856066531711845
639,nBag_50_nFeat_2_nInsPerBag_2,9,1,-1.47041400950079
640,nBag_50_nFeat_2_nInsPerBag_2,9,2,-1.3520026773179512
641,nBag_50_nFeat_2_nInsPerBag_2,9,3,-1.4273944615154768
642,nBag_50_nFeat_2_nInsPerBag_2,9,4,-1.5374393973610636
643,nBag_50_nFeat_2_nInsPerBag_2,9,5,-1.5573403429872408
644,nBag_50_nFeat_2_nInsPerBag_2,9,6,-1.3646451993496431
645,nBag_50_nFeat_2_nInsPerBag_2,9,7,-1.5598972879857125
646,nBag_50_nFeat_2_nInsPerBag_2,9,8,-1.4748688725671442
647,nBag_50_nFeat_2_nInsPerBag_2,9,9,-1.5213851806975056
648,nBag_50_nFeat_5_nInsPerBag_10,1,1,-4.990503991582791
649,nBag_50_nFeat_5_nInsPerBag_10,1,2,-4.88095238076404
650,nBag_50_nFeat_5_nInsPerBag_10,1,3,-4.9811363150835675
651,nBag_50_nFeat_5_nInsPerBag_10,1,4,-5.013633631623021
652,nBag_50_nFeat_5_nInsPerBag_10,1,5,-4.883357805658197
653,nBag_50_nFeat_5_nInsPerBag_10,1,6,-4.908756220544362
654,nBag_50_nFeat_5_nInsPerBag_10,1,7,-5.123598750069233
655,nBag_50_nFeat_5_nInsPerBag_10,1,8,-4.9374017684806315
656,nBag_50_nFeat_5_nInsPerBag_10,1,9,-4.824079897881148
657,nBag_50_nFeat_5_nInsPerBag_10,2,1,-5.119162330542067
658,nBag_50_nFeat_5_nInsPerBag_10,2,2,-4.88033209488421
659,nBag_50_nFeat_5_nInsPerBag_10,2,3,-5.066023691867036
660,nBag_50_nFeat_5_nInsPerBag_10,2,4,-5.018925224642888
661,nBag_50_nFeat_5_nInsPerBag_10,2,5,-4.891427038651762
662,nBag_50_nFeat_5_nInsPerBag_10,2,6,-4.869744731620053
663,nBag_50_nFeat_5_nInsPerBag_10,2,7,-5.094660356552452
664,nBag_50_nFeat_5_nInsPerBag_10,2,8,-4.7414865840471245
665,nBag_50_nFeat_5_nInsPerBag_10,2,9,-5.086683189395429
666,nBag_50_nFeat_5_nInsPerBag_10,3,1,-5.15274340400589
667,nBag_50_nFeat_5_nInsPerBag_10,3,2,-5.049870633564318
668,nBag_50_nFeat_5_nInsPerBag_10,3,3,-4.877439839866031
669,nBag_50_nFeat_5_nInsPerBag_10,3,4,-5.027938196906583
670,nBag_50_nFeat_5_nInsPerBag_10,3,5,-4.524922827536627
671,nBag_50_nFeat_5_nInsPerBag_10,3,6,-4.941206301623845
672,nBag_50_nFeat_5_nInsPerBag_10,3,7,-4.751618127799744
673,nBag_50_nFeat_5_nInsPerBag_10,3,8,-4.758673377860318
674,nBag_50_nFeat_5_nInsPerBag_10,3,9,-4.999830723424902
675,nBag_50_nFeat_5_nInsPerBag_10,4,1,-5.122014272382598
676,nBag_50_nFeat_5_nInsPerBag_10,4,2,-5.100662203357069
677,nBag_50_nFeat_5_nInsPerBag_10,4,3,-5.016102798832108
678,nBag_50_nFeat_5_nInsPerBag_10,4,4,-4.68547105049866
679,nBag_50_nFeat_5_nInsPerBag_10,4,5,-4.824950366067491
680,nBag_50_nFeat_5_nInsPerBag_10,4,6,-4.862395322966115
681,nBag_50_nFeat_5_nInsPerBag_10,4,7,-4.738536741633151
682,nBag_50_nFeat_5_nInsPerBag_10,4,8,-4.556038072606025
683,nBag_50_nFeat_5_nInsPerBag_10,4,9,-5.008635877689785
684,nBag_50_nFeat_5_nInsPerBag_10,5,1,-5.201102664805305
685,nBag_50_nFeat_5_nInsPerBag_10,5,2,-4.440525711803458
686,nBag_50_nFeat_5_nInsPerBag_10,5,3,-4.7134529725835375
687,nBag_50_nFeat_5_nInsPerBag_10,5,4,-4.602614532655093
688,nBag_50_nFeat_5_nInsPerBag_10,5,5,-4.498027642092557
689,nBag_50_nFeat_5_nInsPerBag_10,5,6,-4.752285485551749
690,nBag_50_nFeat_5_nInsPerBag_10,5,7,-4.991906272909874
691,nBag_50_nFeat_5_nInsPerBag_10,5,8,-5.276345747381244
692,nBag_50_nFeat_5_nInsPerBag_10,5,9,-4.880319239984798
693,nBag_50_nFeat_5_nInsPerBag_10,6,1,-4.835707695557659
694,nBag_50_nFeat_5_nInsPerBag_10,6,2,-4.864458934136481
695,nBag_50_nFeat_5_nInsPerBag_10,6,3,-4.767782241696403
696,nBag_50_nFeat_5_nInsPerBag_10,6,4,-5.1091727542528975
697,nBag_50_nFeat_5_nInsPerBag_10,6,5,-5.2191424188281665
698,nBag_50_nFeat_5_nInsPerBag_10,6,6,-5.1275587725132175
699,nBag_50_nFeat_5_nInsPerBag_10,6,7,-5.015688795937186
700,nBag_50_nFeat_5_nInsPerBag_10,6,8,-5.152358528170216
701,nBag_50_nFeat_5_nInsPerBag_10,6,9,-5.199470496123296
702,nBag_50_nFeat_5_nInsPerBag_10,7,1,-4.918849320025514
703,nBag_50_nFeat_5_nInsPerBag_10,7,2,-4.649438264756359
704,nBag_50_nFeat_5_nInsPerBag_10,7,3,-5.054178615889567
705,nBag_50_nFeat_5_nInsPerBag_10,7,4,-5.14677579962558
706,nBag_50_nFeat_5_nInsPerBag_10,7,5,-5.062526621470409
707,nBag_50_nFeat_5_nInsPerBag_10,7,6,-5.043220143903013
708,nBag_50_nFeat_5_nInsPerBag_10,7,7,-4.714473827436034
709,nBag_50_nFeat_5_nInsPerBag_10,7,8,-4.96118640185873
710,nBag_50_nFeat_5_nInsPerBag_10,7,9,-4.904393309963628
711,nBag_50_nFeat_5_nInsPerBag_10,8,1,-4.713847853561384
712,nBag_50_nFeat_5_nInsPerBag_10,8,2,-4.974557276401664
713,nBag_50_nFeat_5_nInsPerBag_10,8,3,-4.70477958896329
714,nBag_50_nFeat_5_nInsPerBag_10,8,4,-4.68719643780706
715,nBag_50_nFeat_5_nInsPerBag_10,8,5,-5.16524943272234
716,nBag_50_nFeat_5_nInsPerBag_10,8,6,-5.164758647937256
717,nBag_50_nFeat_5_nInsPerBag_10,8,7,-4.991271289265505
718,nBag_50_nFeat_5_nInsPerBag_10,8,8,-4.76746466077735
719,nBag_50_nFeat_5_nInsPerBag_10,8,9,-5.034079682696523
720,nBag_50_nFeat_5_nInsPerBag_10,9,1,-4.779891146126202
721,nBag_50_nFeat_5_nInsPerBag_10,9,2,-4.729804152763768
722,nBag_50_nFeat_5_nInsPerBag_10,9,3,-4.680311676644939
723,nBag_50_nFeat_5_nInsPerBag_10,9,4,-4.991433422903851
724,nBag_50_nFeat_5_nInsPerBag_10,9,5,-4.681669946873064
725,nBag_50_nFeat_5_nInsPerBag_10,9,6,-5.009198436075605
726,nBag_50_nFeat_5_nInsPerBag_10,9,7,-5.225814840706812
727,nBag_50_nFeat_5_nInsPerBag_10,9,8,-4.984640799030965
728,nBag_50_nFeat_5_nInsPerBag_10,9,9,-4.952751453508337
729,nBag_50_nFeat_5_nInsPerBag_5,1,1,-1.9044289409796376
730,nBag_50_nFeat_5_nInsPerBag_5,1,2,-1.8625769357995567
731,nBag_50_nFeat_5_nInsPerBag_5,1,3,-2.1509537050201124
732,nBag_50_nFeat_5_nInsPerBag_5,1,4,-2.119542803262535
733,nBag_50_nFeat_5_nInsPerBag_5,1,5,-1.9092872542424646
734,nBag_50_nFeat_5_nInsPerBag_5,1,6,-1.9335405540132158
735,nBag_50_nFeat_5_nInsPerBag_5,1,7,-2.1728229040641174
736,nBag_50_nFeat_5_nInsPerBag_5,1,8,-1.9007012827849026
737,nBag_50_nFeat_5_nInsPerBag_5,1,9,-1.992494002666528
738,nBag_50_nFeat_5_nInsPerBag_5,2,1,-2.0811071217105606
739,nBag_50_nFeat_5_nInsPerBag_5,2,2,-1.9243900278462278
740,nBag_50_nFeat_5_nInsPerBag_5,2,3,-2.1432670403433036
741,nBag_50_nFeat_5_nInsPerBag_5,2,4,-1.9467230525335453
742,nBag_50_nFeat_5_nInsPerBag_5,2,5,-2.019459167031519
743,nBag_50_nFeat_5_nInsPerBag_5,2,6,-1.8579405097049857
744,nBag_50_nFeat_5_nInsPerBag_5,2,7,-2.1492391304539273
745,nBag_50_nFeat_5_nInsPerBag_5,2,8,-2.0865037417979067
746,nBag_50_nFeat_5_nInsPerBag_5,2,9,-2.039756282601074
747,nBag_50_nFeat_5_nInsPerBag_5,3,1,-2.0833147967713366
748,nBag_50_nFeat_5_nInsPerBag_5,3,2,-1.9047619677596273
749,nBag_50_nFeat_5_nInsPerBag_5,3,3,-2.049956064720889
750,nBag_50_nFeat_5_nInsPerBag_5,3,4,-2.006419319742619
751,nBag_50_nFeat_5_nInsPerBag_5,3,5,-2.174940189968381
752,nBag_50_nFeat_5_nInsPerBag_5,3,6,-1.998481198645652
753,nBag_50_nFeat_5_nInsPerBag_5,3,7,-1.893484695051691
754,nBag_50_nFeat_5_nInsPerBag_5,3,8,-2.016617137864342
755,nBag_50_nFeat_5_nInsPerBag_5,3,9,-2.0199802055931
756,nBag_50_nFeat_5_nInsPerBag_5,4,1,-2.0154632885431965
757,nBag_50_nFeat_5_nInsPerBag_5,4,2,-1.764470917472048
758,nBag_50_nFeat_5_nInsPerBag_5,4,3,-1.9743230328739316
759,nBag_50_nFeat_5_nInsPerBag_5,4,4,-1.9648483319862668
760,nBag_50_nFeat_5_nInsPerBag_5,4,5,-1.8196341407730274
761,nBag_50_nFeat_5_nInsPerBag_5,4,6,-1.9805498081342532
762,nBag_50_nFeat_5_nInsPerBag_5,4,7,-1.9373689935099119
763,nBag_50_nFeat_5_nInsPerBag_5,4,8,-2.0992334914896698
764,nBag_50_nFeat_5_nInsPerBag_5,4,9,-2.136856825280663
765,nBag_50_nFeat_5_nInsPerBag_5,5,1,-2.1187645754988704
766,nBag_50_nFeat_5_nInsPerBag_5,5,2,-2.051314726851999
767,nBag_50_nFeat_5_nInsPerBag_5,5,3,-2.0683203977213402
768,nBag_50_nFeat_5_nInsPerBag_5,5,4,-1.9514865678135918
769,nBag_50_nFeat_5_nInsPerBag_5,5,5,-1.9771532229610536
770,nBag_50_nFeat_5_nInsPerBag_5,5,6,-2.1567246471146295
771,nBag_50_nFeat_5_nInsPerBag_5,5,7,-2.026010604477235
772,nBag_50_nFeat_5_nInsPerBag_5,5,8,-2.1262714322893803
773,nBag_50_nFeat_5_nInsPerBag_5,5,9,-2.1216726605189016
774,nBag_50_nFeat_5_nInsPerBag_5,6,1,-2.0011327272320583
775,nBag_50_nFeat_5_nInsPerBag_5,6,2,-2.0288797138727284
776,nBag_50_nFeat_5_nInsPerBag_5,6,3,-2.0291631655026157
777,nBag_50_nFeat_5_nInsPerBag_5,6,4,-2.1325476442892835
778,nBag_50_nFeat_5_nInsPerBag_5,6,5,-1.917711391439775
779,nBag_50_nFeat_5_nInsPerBag_5,6,6,-1.8435474573672805
780,nBag_50_nFeat_5_nInsPerBag_5,6,7,-1.9269806241662775
781,nBag_50_nFeat_5_nInsPerBag_5,6,8,-1.7448212091483417
782,nBag_50_nFeat_5_nInsPerBag_5,6,9,-2.044034366277974
783,nBag_50_nFeat_5_nInsPerBag_5,7,1,-1.99246863932133
784,nBag_50_nFeat_5_nInsPerBag_5,7,2,-2.0547778369426095
785,nBag_50_nFeat_5_nInsPerBag_5,7,3,-1.8484296840686052
786,nBag_50_nFeat_5_nInsPerBag_5,7,4,-2.122542917290333
787,nBag_50_nFeat_5_nInsPerBag_5,7,5,-2.1006852999832812
788,nBag_50_nFeat_5_nInsPerBag_5,7,6,-1.8509405470692522
789,nBag_50_nFeat_5_nInsPerBag_5,7,7,-1.894279050267912
790,nBag_50_nFeat_5_nInsPerBag_5,7,8,-2.142178730980221
791,nBag_50_nFeat_5_nInsPerBag_5,7,9,-1.9977590396719012
792,nBag_50_nFeat_5_nInsPerBag_5,8,1,-1.9679552860388143
793,nBag_50_nFeat_5_nInsPerBag_5,8,2,-2.1855888202618625
794,nBag_50_nFeat_5_nInsPerBag_5,8,3,-1.9519915038352582
795,nBag_50_nFeat_5_nInsPerBag_5,8,4,-1.9214981114323382
796,nBag_50_nFeat_5_nInsPerBag_5,8,5,-1.9610725041041712
797,nBag_50_nFeat_5_nInsPerBag_5,8,6,-1.9762861969177312
798,nBag_50_nFeat_5_nInsPerBag_5,8,7,-2.2865399355706204
799,nBag_50_nFeat_5_nInsPerBag_5,8,8,-1.8329986393320628
800,nBag_50_nFeat_5_nInsPerBag_5,8,9,-1.840694055642514
801,nBag_50_nFeat_5_nInsPerBag_5,9,1,-2.032699300441916
802,nBag_50_nFeat_5_nInsPerBag_5,9,2,-1.9712333857492734
803,nBag_50_nFeat_5_nInsPerBag_5,9,3,-2.0464978110120216
804,nBag_50_nFeat_5_nInsPerBag_5,9,4,-2.049106967168053
805,nBag_50_nFeat_5_nInsPerBag_5,9,5,-2.123610057193945
806,nBag_50_nFeat_5_nInsPerBag_5,9,6,-1.9770084962158843
807,nBag_50_nFeat_5_nInsPerBag_5,9,7,-2.0483074272610846
808,nBag_50_nFeat_5_nInsPerBag_5,9,8,-2.026378837827746
809,nBag_50_nFeat_5_nInsPerBag_5,9,9,-2.010938357084593
810,nBag_25_nFeat_10_nInsPerBag_5,1,1,2.100314478238061
811,nBag_25_nFeat_10_nInsPerBag_5,1,2,2.347513675661196
812,nBag_25_nFeat_10_nInsPerBag_5,1,3,2.126326938683973
813,nBag_25_nFeat_10_nInsPerBag_5,1,4,1.9175230324528147
814,nBag_25_nFeat_10_nInsPerBag_5,1,5,2.1871639493921884
815,nBag_25_nFeat_10_nInsPerBag_5,1,6,2.137061326891919
816,nBag_25_nFeat_10_nInsPerBag_5,1,7,2.1544556052734185
817,nBag_25_nFeat_10_nInsPerBag_5,1,8,1.886281275086437
818,nBag_25_nFeat_10_nInsPerBag_5,1,9,2.0824419434638313
819,nBag_25_nFeat_10_nInsPerBag_5,2,1,1.983809175628128
820,nBag_25_nFeat_10_nInsPerBag_5,2,2,1.8578364618914973
821,nBag_25_nFeat_10_nInsPerBag_5,2,3,2.1118006259653526
822,nBag_25_nFeat_10_nInsPerBag_5,2,4,2.018468810040799
823,nBag_25_nFeat_10_nInsPerBag_5,2,5,2.0313884063623435
824,nBag_25_nFeat_10_nInsPerBag_5,2,6,1.7856234986148956
825,nBag_25_nFeat_10_nInsPerBag_5,2,7,1.8966492819015595
826,nBag_25_nFeat_10_nInsPerBag_5,2,8,1.9870502240533867
827,nBag_25_nFeat_10_nInsPerBag_5,2,9,1.9322770108602596
828,nBag_25_nFeat_10_nInsPerBag_5,3,1,2.057035352547625
829,nBag_25_nFeat_10_nInsPerBag_5,3,2,1.9493800756710677
830,nBag_25_nFeat_10_nInsPerBag_5,3,3,1.7140925685921888
831,nBag_25_nFeat_10_nInsPerBag_5,3,4,1.9563923643832546
832,nBag_25_nFeat_10_nInsPerBag_5,3,5,1.9570410453197649
833,nBag_25_nFeat_10_nInsPerBag_5,3,6,2.086327680828693
834,nBag_25_nFeat_10_nInsPerBag_5,3,7,2.0030968722058042
835,nBag_25_nFeat_10_nInsPerBag_5,3,8,2.0090894725307673
836,nBag_25_nFeat_10_nInsPerBag_5,3,9,1.9045222742844197
837,nBag_25_nFeat_10_nInsPerBag_5,4,1,2.3084554952469927
838,nBag_25_nFeat_10_nInsPerBag_5,4,2,2.0051854870697228
839,nBag_25_nFeat_10_nInsPerBag_5,4,3,2.1125488123643485
840,nBag_25_nFeat_10_nInsPerBag_5,4,4,2.164790179151894
841,nBag_25_nFeat_10_nInsPerBag_5,4,5,1.9876025870543836
842,nBag_25_nFeat_10_nInsPerBag_5,4,6,1.9059129670749102
843,nBag_25_nFeat_10_nInsPerBag_5,4,7,1.9107205964862843
844,nBag_25_nFeat_10_nInsPerBag_5,4,8,1.8347973659784131
845,nBag_25_nFeat_10_nInsPerBag_5,4,9,1.861535199412224
846,nBag_25_nFeat_10_nInsPerBag_5,5,1,2.009491914026706
847,nBag_25_nFeat_10_nInsPerBag_5,5,2,2.061067834530891
848,nBag_25_nFeat_10_nInsPerBag_5,5,3,2.1425293056021797
849,nBag_25_nFeat_10_nInsPerBag_5,5,4,1.9591158718980075
850,nBag_25_nFeat_10_nInsPerBag_5,5,5,1.9022222497990462
851,nBag_25_nFeat_10_nInsPerBag_5,5,6,2.0305041945327877
852,nBag_25_nFeat_10_nInsPerBag_5,5,7,2.1491514062813404
853,nBag_25_nFeat_10_nInsPerBag_5,5,8,1.802382889518264
854,nBag_25_nFeat_10_nInsPerBag_5,5,9,1.9179160382184168
855,nBag_25_nFeat_10_nInsPerBag_5,6,1,1.9761373978725956
856,nBag_25_nFeat_10_nInsPerBag_5,6,2,2.191790003865155
857,nBag_25_nFeat_10_nInsPerBag_5,6,3,2.112417522067825
858,nBag_25_nFeat_10_nInsPerBag_5,6,4,1.931276457802394
859,nBag_25_nFeat_10_nInsPerBag_5,6,5,2.0387024521718344
860,nBag_25_nFeat_10_nInsPerBag_5,6,6,1.9837380625447427
861,nBag_25_nFeat_10_nInsPerBag_5,6,7,2.129519481011004
862,nBag_25_nFeat_10_nInsPerBag_5,6,8,1.9083372582068177
863,nBag_25_nFeat_10_nInsPerBag_5,6,9,1.9429210663989254
864,nBag_25_nFeat_10_nInsPerBag_5,7,1,2.1153733577114138
865,nBag_25_nFeat_10_nInsPerBag_5,7,2,1.825299157287644
866,nBag_25_nFeat_10_nInsPerBag_5,7,3,2.0022124966286152
867,nBag_25_nFeat_10_nInsPerBag_5,7,4,2.087992136303118
868,nBag_25_nFeat_10_nInsPerBag_5,7,5,1.9046757389034714
869,nBag_25_nFeat_10_nInsPerBag_5,7,6,1.8171599162945318
870,nBag_25_nFeat_10_nInsPerBag_5,7,7,2.0171413667866096
871,nBag_25_nFeat_10_nInsPerBag_5,7,8,1.971131925242249
872,nBag_25_nFeat_10_nInsPerBag_5,7,9,2.016894003282667
873,nBag_25_nFeat_10_nInsPerBag_5,8,1,1.9392578232140478
874,nBag_25_nFeat_10_nInsPerBag_5,8,2,2.0218112718553
875,nBag_25_nFeat_10_nInsPerBag_5,8,3,1.7361115112020984
876,nBag_25_nFeat_10_nInsPerBag_5,8,4,2.254736221923974
877,nBag_25_nFeat_10_nInsPerBag_5,8,5,1.8570468736354366
878,nBag_25_nFeat_10_nInsPerBag_5,8,6,1.9162313083012728
879,nBag_25_nFeat_10_nInsPerBag_5,8,7,1.8318814687945504
880,nBag_25_nFeat_10_nInsPerBag_5,8,8,1.9476813542161466
881,nBag_25_nFeat_10_nInsPerBag_5,8,9,2.026870780769313
882,nBag_25_nFeat_10_nInsPerBag_5,9,1,2.0050975878222843
883,nBag_25_nFeat_10_nInsPerBag_5,9,2,2.0666412695538456
884,nBag_25_nFeat_10_nInsPerBag_5,9,3,1.8266065378241487
885,nBag_25_nFeat_10_nInsPerBag_5,9,4,1.9011048272980204
886,nBag_25_nFeat_10_nInsPerBag_5,9,5,1.8882568677995042
887,nBag_25_nFeat_10_nInsPerBag_5,9,6,2.028271262105903
888,nBag_25_nFeat_10_nInsPerBag_5,9,7,1.9123488971011742
889,nBag_25_nFeat_10_nInsPerBag_5,9,8,1.9499835178363774
890,nBag_25_nFeat_10_nInsPerBag_5,9,9,1.8644275667352592
891,nBag_25_nFeat_2_nInsPerBag_5,1,1,1.151652668729818
892,nBag_25_nFeat_2_nInsPerBag_5,1,2,1.028088769129115
893,nBag_25_nFeat_2_nInsPerBag_5,1,3,1.0416705342486092
894,nBag_25_nFeat_2_nInsPerBag_5,1,4,1.0450058071980965
895,nBag_25_nFeat_2_nInsPerBag_5,1,5,1.0444109342846466
896,nBag_25_nFeat_2_nInsPerBag_5,1,6,1.0782302127962546
897,nBag_25_nFeat_2_nInsPerBag_5,1,7,1.0231008971934201
898,nBag_25_nFeat_2_nInsPerBag_5,1,8,1.091573941467776
899,nBag_25_nFeat_2_nInsPerBag_5,1,9,1.079774456498821
900,nBag_25_nFeat_2_nInsPerBag_5,2,1,1.0839485405486695
901,nBag_25_nFeat_2_nInsPerBag_5,2,2,1.0303256151714784
902,nBag_25_nFeat_2_nInsPerBag_5,2,3,1.0566760135121374
903,nBag_25_nFeat_2_nInsPerBag_5,2,4,1.0945941476022372
904,nBag_25_nFeat_2_nInsPerBag_5,2,5,1.0497346863222994
905,nBag_25_nFeat_2_nInsPerBag_5,2,6,1.1650533181537293
906,nBag_25_nFeat_2_nInsPerBag_5,2,7,1.0938007004800312
907,nBag_25_nFeat_2_nInsPerBag_5,2,8,1.0896956530492834
908,nBag_25_nFeat_2_nInsPerBag_5,2,9,0.9205182790531715
909,nBag_25_nFeat_2_nInsPerBag_5,3,1,1.092984625564391
910,nBag_25_nFeat_2_nInsPerBag_5,3,2,1.1565652361965149
911,nBag_25_nFeat_2_nInsPerBag_5,3,3,1.0562953483944515
912,nBag_25_nFeat_2_nInsPerBag_5,3,4,1.1682310669226321
913,nBag_25_nFeat_2_nInsPerBag_5,3,5,1.059288262204634
914,nBag_25_nFeat_2_nInsPerBag_5,3,6,1.004587308060224
915,nBag_25_nFeat_2_nInsPerBag_5,3,7,1.0174652620890954
916,nBag_25_nFeat_2_nInsPerBag_5,3,8,0.9685194721770505
917,nBag_25_nFeat_2_nInsPerBag_5,3,9,0.981969214386351
918,nBag_25_nFeat_2_nInsPerBag_5,4,1,1.0060933828392582
919,nBag_25_nFeat_2_nInsPerBag_5,4,2,1.0452340857186924
920,nBag_25_nFeat_2_nInsPerBag_5,4,3,1.1105778466632463
921,nBag_25_nFeat_2_nInsPerBag_5,4,4,1.1696450387944677
922,nBag_25_nFeat_2_nInsPerBag_5,4,5,1.0655552954995569
923,nBag_25_nFeat_2_nInsPerBag_5,4,6,1.2439161434120187
924,nBag_25_nFeat_2_nInsPerBag_5,4,7,1.1441199412753669
925,nBag_25_nFeat_2_nInsPerBag_5,4,8,1.0338195352306352
926,nBag_25_nFeat_2_nInsPerBag_5,4,9,1.1066710223332692
927,nBag_25_nFeat_2_nInsPerBag_5,5,1,1.1220123399799031
928,nBag_25_nFeat_2_nInsPerBag_5,5,2,1.0370979265913671
929,nBag_25_nFeat_2_nInsPerBag_5,5,3,1.0345434912198237
930,nBag_25_nFeat_2_nInsPerBag_5,5,4,1.158444965432007
931,nBag_25_nFeat_2_nInsPerBag_5,5,5,1.1038403384016715
932,nBag_25_nFeat_2_nInsPerBag_5,5,6,1.0706282748517137
933,nBag_25_nFeat_2_nInsPerBag_5,5,7,1.0788689556892634
934,nBag_25_nFeat_2_nInsPerBag_5,5,8,1.0880409105632871
935,nBag_25_nFeat_2_nInsPerBag_5,5,9,1.0397229956537348
936,nBag_25_nFeat_2_nInsPerBag_5,6,1,1.2123653621053416
937,nBag_25_nFeat_2_nInsPerBag_5,6,2,1.0340926543697595
938,nBag_25_nFeat_2_nInsPerBag_5,6,3,1.069194410243831
939,nBag_25_nFeat_2_nInsPerBag_5,6,4,0.9656979390248269
940,nBag_25_nFeat_2_nInsPerBag_5,6,5,1.1442634842396997
941,nBag_25_nFeat_2_nInsPerBag_5,6,6,1.0371086646638403
942,nBag_25_nFeat_2_nInsPerBag_5,6,7,1.0820748867980237
943,nBag_25_nFeat_2_nInsPerBag_5,6,8,1.0234281171804516
944,nBag_25_nFeat_2_nInsPerBag_5,6,9,1.0685468820235002
945,nBag_25_nFeat_2_nInsPerBag_5,7,1,1.0572229218651066
946,nBag_25_nFeat_2_nInsPerBag_5,7,2,1.0557927473989133
947,nBag_25_nFeat_2_nInsPerBag_5,7,3,1.1259592497855941
948,nBag_25_nFeat_2_nInsPerBag_5,7,4,1.1240368040416338
949,nBag_25_nFeat_2_nInsPerBag_5,7,5,1.1089003197694847
950,nBag_25_nFeat_2_nInsPerBag_5,7,6,1.1163891040052103
951,nBag_25_nFeat_2_nInsPerBag_5,7,7,1.0858279901664483
952,nBag_25_nFeat_2_nInsPerBag_5,7,8,1.1120479015466542
953,nBag_25_nFeat_2_nInsPerBag_5,7,9,1.154051178839673
954,nBag_25_nFeat_2_nInsPerBag_5,8,1,1.0259405980055936
955,nBag_25_nFeat_2_nInsPerBag_5,8,2,1.022743187730028
956,nBag_25_nFeat_2_nInsPerBag_5,8,3,1.1266806036177819
957,nBag_25_nFeat_2_nInsPerBag_5,8,4,1.1237187789606298
958,nBag_25_nFeat_2_nInsPerBag_5,8,5,0.9802946328238911
959,nBag_25_nFeat_2_nInsPerBag_5,8,6,1.1166463284537782
960,nBag_25_nFeat_2_nInsPerBag_5,8,7,1.14599541262156
961,nBag_25_nFeat_2_nInsPerBag_5,8,8,1.1778281700815105
962,nBag_25_nFeat_2_nInsPerBag_5,8,9,1.046491467670557
963,nBag_25_nFeat_2_nInsPerBag_5,9,1,1.153097383401996
964,nBag_25_nFeat_2_nInsPerBag_5,9,2,0.9786074580022185
965,nBag_25_nFeat_2_nInsPerBag_5,9,3,1.1184429122649908
966,nBag_25_nFeat_2_nInsPerBag_5,9,4,1.0083439014525222
967,nBag_25_nFeat_2_nInsPerBag_5,9,5,1.0424770296465005
968,nBag_25_nFeat_2_nInsPerBag_5,9,6,0.9549941434263316
969,nBag_25_nFeat_2_nInsPerBag_5,9,7,1.1440912534512424
970,nBag_25_nFeat_2_nInsPerBag_5,9,8,1.067376258277478
971,nBag_25_nFeat_2_nInsPerBag_5,9,9,1.045979416314172
972,nBag_25_nFeat_5_nInsPerBag_5,1,1,-9.405837760756958
973,nBag_25_nFeat_5_nInsPerBag_5,1,2,-8.309042262961189
974,nBag_25_nFeat_5_nInsPerBag_5,1,3,-9.75163102136475
975,nBag_25_nFeat_5_nInsPerBag_5,1,4,-9.509016429942674
976,nBag_25_nFeat_5_nInsPerBag_5,1,5,-9.482829247999529
977,nBag_25_nFeat_5_nInsPerBag_5,1,6,-8.480897465513515
978,nBag_25_nFeat_5_nInsPerBag_5,1,7,-9.179046108928429
979,nBag_25_nFeat_5_nInsPerBag_5,1,8,-8.186012196046903
980,nBag_25_nFeat_5_nInsPerBag_5,1,9,-9.045990315270412
981,nBag_25_nFeat_5_nInsPerBag_5,2,1,-8.666174580480979
982,nBag_25_nFeat_5_nInsPerBag_5,2,2,-9.968750797075906
983,nBag_25_nFeat_5_nInsPerBag_5,2,3,-8.857483749800451
984,nBag_25_nFeat_5_nInsPerBag_5,2,4,-9.384465192797078
985,nBag_25_nFeat_5_nInsPerBag_5,2,5,-9.696086133858909
986,nBag_25_nFeat_5_nInsPerBag_5,2,6,-9.167872635438794
987,nBag_25_nFeat_5_nInsPerBag_5,2,7,-9.5022707283377
988,nBag_25_nFeat_5_nInsPerBag_5,2,8,-8.674028268038299
989,nBag_25_nFeat_5_nInsPerBag_5,2,9,-9.745762161314222
990,nBag_25_nFeat_5_nInsPerBag_5,3,1,-8.53141844856758
991,nBag_25_nFeat_5_nInsPerBag_5,3,2,-9.126502251183378
992,nBag_25_nFeat_5_nInsPerBag_5,3,3,-9.895730162883632
993,nBag_25_nFeat_5_nInsPerBag_5,3,4,-9.663977483501073
994,nBag_25_nFeat_5_nInsPerBag_5,3,5,-9.327413586022315
995,nBag_25_nFeat_5_nInsPerBag_5,3,6,-9.552865954875443
996,nBag_25_nFeat_5_nInsPerBag_5,3,7,-8.97407511944551
997,nBag_25_nFeat_5_nInsPerBag_5,3,8,-7.955278304155472
998,nBag_25_nFeat_5_nInsPerBag_5,3,9,-11.040074800560971
999,nBag_25_nFeat_5_nInsPerBag_5,4,1,-10.168271457031759
1000,nBag_25_nFeat_5_nInsPerBag_5,4,2,-8.608081091811295
1001,nBag_25_nFeat_5_nInsPerBag_5,4,3,-10.256008121457956
1002,nBag_25_nFeat_5_nInsPerBag_5,4,4,-10.240028416720662
1003,nBag_25_nFeat_5_nInsPerBag_5,4,5,-9.293635371768504
1004,nBag_25_nFeat_5_nInsPerBag_5,4,6,-8.956818009117898
1005,nBag_25_nFeat_5_nInsPerBag_5,4,7,-8.095403636704342
1006,nBag_25_nFeat_5_nInsPerBag_5,4,8,-8.886571288828067
1007,nBag_25_nFeat_5_nInsPerBag_5,4,9,-8.686100410977307
1008,nBag_25_nFeat_5_nInsPerBag_5,5,1,-8.580042660520967
1009,nBag_25_nFeat_5_nInsPerBag_5,5,2,-8.558124814327632
1010,nBag_25_nFeat_5_nInsPerBag_5,5,3,-9.463672763757087
1011,nBag_25_nFeat_5_nInsPerBag_5,5,4,-10.294999228928457
1012,nBag_25_nFeat_5_nInsPerBag_5,5,5,-8.698581722657915
1013,nBag_25_nFeat_5_nInsPerBag_5,5,6,-8.550325588457095
1014,nBag_25_nFeat_5_nInsPerBag_5,5,7,-7.757985558668856
1015,nBag_25_nFeat_5_nInsPerBag_5,5,8,-8.471856875409479
1016,nBag_25_nFeat_5_nInsPerBag_5,5,9,-8.897772092152241
1017,nBag_25_nFeat_5_nInsPerBag_5,6,1,-10.020529640520962
1018,nBag_25_nFeat_5_nInsPerBag_5,6,2,-9.18820912234307
1019,nBag_25_nFeat_5_nInsPerBag_5,6,3,-9.413001254891167
1020,nBag_25_nFeat_5_nInsPerBag_5,6,4,-8.776772559508458
1021,nBag_25_nFeat_5_nInsPerBag_5,6,5,-10.768842305802174
1022,nBag_25_nFeat_5_nInsPerBag_5,6,6,-10.733121985480173
1023,nBag_25_nFeat_5_nInsPerBag_5,6,7,-9.495718154585832
1024,nBag_25_nFeat_5_nInsPerBag_5,6,8,-8.827510017097868
1025,nBag_25_nFeat_5_nInsPerBag_5,6,9,-9.501772601855842
1026,nBag_25_nFeat_5_nInsPerBag_5,7,1,-9.114200394929245
1027,nBag_25_nFeat_5_nInsPerBag_5,7,2,-9.433910044492745
1028,nBag_25_nFeat_5_nInsPerBag_5,7,3,-8.705995596504001
1029,nBag_25_nFeat_5_nInsPerBag_5,7,4,-9.902924875227205
1030,nBag_25_nFeat_5_nInsPerBag_5,7,5,-9.228142170103936
1031,nBag_25_nFeat_5_nInsPerBag_5,7,6,-9.61661430085942
1032,nBag_25_nFeat_5_nInsPerBag_5,7,7,-8.851909734968572
1033,nBag_25_nFeat_5_nInsPerBag_5,7,8,-9.535965902559719
1034,nBag_25_nFeat_5_nInsPerBag_5,7,9,-9.55204774280913
1035,nBag_25_nFeat_5_nInsPerBag_5,8,1,-8.455071674258493
1036,nBag_25_nFeat_5_nInsPerBag_5,8,2,-8.426143057141699
1037,nBag_25_nFeat_5_nInsPerBag_5,8,3,-9.126800159619844
1038,nBag_25_nFeat_5_nInsPerBag_5,8,4,-8.682037948223144
1039,nBag_25_nFeat_5_nInsPerBag_5,8,5,-7.828855691759433
1040,nBag_25_nFeat_5_nInsPerBag_5,8,6,-9.799398366787464
1041,nBag_25_nFeat_5_nInsPerBag_5,8,7,-8.701603279162388
1042,nBag_25_nFeat_5_nInsPerBag_5,8,8,-8.765829743376651
1043,nBag_25_nFeat_5_nInsPerBag_5,8,9,-7.7781323088215695
1044,nBag_25_nFeat_5_nInsPerBag_5,9,1,-8.794630464588437
1045,nBag_25_nFeat_5_nInsPerBag_5,9,2,-10.385162012005829
1046,nBag_25_nFeat_5_nInsPerBag_5,9,3,-10.262543819972507
1047,nBag_25_nFeat_5_nInsPerBag_5,9,4,-9.07424444523902
1048,nBag_25_nFeat_5_nInsPerBag_5,9,5,-9.609417764929695
1049,nBag_25_nFeat_5_nInsPerBag_5,9,6,-8.76001779463005
1050,nBag_25_nFeat_5_nInsPerBag_5,9,7,-10.090798654256082
1051,nBag_25_nFeat_5_nInsPerBag_5,9,8,-9.293086415001001
1052,nBag_25_nFeat_5_nInsPerBag_5,9,9,-8.750156126742624
1053,nBag_25_nFeat_10_nInsPerBag_10,1,1,-3.017701625070743
1054,nBag_25_nFeat_10_nInsPerBag_10,1,2,-3.012737728231185
1055,nBag_25_nFeat_10_nInsPerBag_10,1,3,-3.06817120048358
1056,nBag_25_nFeat_10_nInsPerBag_10,1,4,-2.881647233968579
1057,nBag_25_nFeat_10_nInsPerBag_10,1,5,-3.0775367624041854
1058,nBag_25_nFeat_10_nInsPerBag_10,1,6,-3.0849128305056124
1059,nBag_25_nFeat_10_nInsPerBag_10,1,7,-3.0763219838786013
1060,nBag_25_nFeat_10_nInsPerBag_10,1,8,-3.0454323968767416
1061,nBag_25_nFeat_10_nInsPerBag_10,1,9,-2.9653863888168033
1062,nBag_25_nFeat_10_nInsPerBag_10,2,1,-3.0515733509606187
1063,nBag_25_nFeat_10_nInsPerBag_10,2,2,-2.997135384097252
1064,nBag_25_nFeat_10_nInsPerBag_10,2,3,-3.0372216393286737
1065,nBag_25_nFeat_10_nInsPerBag_10,2,4,-3.090664052782221
1066,nBag_25_nFeat_10_nInsPerBag_10,2,5,-3.0070720729845575
1067,nBag_25_nFeat_10_nInsPerBag_10,2,6,-3.0323291798735115
1068,nBag_25_nFeat_10_nInsPerBag_10,2,7,-3.0447852306259793
1069,nBag_25_nFeat_10_nInsPerBag_10,2,8,-2.960307756489035
1070,nBag_25_nFeat_10_nInsPerBag_10,2,9,-3.009366350001076
1071,nBag_25_nFeat_10_nInsPerBag_10,3,1,-3.0427044438486597
1072,nBag_25_nFeat_10_nInsPerBag_10,3,2,-3.042794999011967
1073,nBag_25_nFeat_10_nInsPerBag_10,3,3,-2.978083111018966
1074,nBag_25_nFeat_10_nInsPerBag_10,3,4,-3.0432451999769463
1075,nBag_25_nFeat_10_nInsPerBag_10,3,5,-3.047479415671998
1076,nBag_25_nFeat_10_nInsPerBag_10,3,6,-2.995737705923187
1077,nBag_25_nFeat_10_nInsPerBag_10,3,7,-3.0280585127788706
1078,nBag_25_nFeat_10_nInsPerBag_10,3,8,-3.062575241130283
1079,nBag_25_nFeat_10_nInsPerBag_10,3,9,-3.0526196749404773
1080,nBag_25_nFeat_10_nInsPerBag_10,4,1,-2.974807162261844
1081,nBag_25_nFeat_10_nInsPerBag_10,4,2,-3.05403956168071
1082,nBag_25_nFeat_10_nInsPerBag_10,4,3,-3.031289541703399
1083,nBag_25_nFeat_10_nInsPerBag_10,4,4,-2.9321124053116816
1084,nBag_25_nFeat_10_nInsPerBag_10,4,5,-3.1745478519488297
1085,nBag_25_nFeat_10_nInsPerBag_10,4,6,-3.004461984760688
1086,nBag_25_nFeat_10_nInsPerBag_10,4,7,-3.0577287673029083
1087,nBag_25_nFeat_10_nInsPerBag_10,4,8,-3.046623340525013
1088,nBag_25_nFeat_10_nInsPerBag_10,4,9,-3.054348574951424
1089,nBag_25_nFeat_10_nInsPerBag_10,5,1,-3.063898351793194
1090,nBag_25_nFeat_10_nInsPerBag_10,5,2,-2.9088976330388836
1091,nBag_25_nFeat_10_nInsPerBag_10,5,3,-3.0273759099646416
1092,nBag_25_nFeat_10_nInsPerBag_10,5,4,-2.9766081050411968
1093,nBag_25_nFeat_10_nInsPerBag_10,5,5,-2.965040770932564
1094,nBag_25_nFeat_10_nInsPerBag_10,5,6,-3.1018468386032936
1095,nBag_25_nFeat_10_nInsPerBag_10,5,7,-3.007613539996622
1096,nBag_25_nFeat_10_nInsPerBag_10,5,8,-2.9657952042891864
1097,nBag_25_nFeat_10_nInsPerBag_10,5,9,-2.9584370131781315
1098,nBag_25_nFeat_10_nInsPerBag_10,6,1,-3.063632204794706
1099,nBag_25_nFeat_10_nInsPerBag_10,6,2,-2.9976291819284278
1100,nBag_25_nFeat_10_nInsPerBag_10,6,3,-3.0011757795334915
1101,nBag_25_nFeat_10_nInsPerBag_10,6,4,-2.9288620076992316
1102,nBag_25_nFeat_10_nInsPerBag_10,6,5,-3.020436891094563
1103,nBag_25_nFeat_10_nInsPerBag_10,6,6,-3.080204196216532
1104,nBag_25_nFeat_10_nInsPerBag_10,6,7,-2.9887107961482946
1105,nBag_25_nFeat_10_nInsPerBag_10,6,8,-3.053372403577832
1106,nBag_25_nFeat_10_nInsPerBag_10,6,9,-3.0386648061112016
1107,nBag_25_nFeat_10_nInsPerBag_10,7,1,-2.939358584257766
1108,nBag_25_nFeat_10_nInsPerBag_10,7,2,-3.001653179902992
1109,nBag_25_nFeat_10_nInsPerBag_10,7,3,-3.0258294472308824
1110,nBag_25_nFeat_10_nInsPerBag_10,7,4,-3.0054957340934987
1111,nBag_25_nFeat_10_nInsPerBag_10,7,5,-3.0003084116771226
1112,nBag_25_nFeat_10_nInsPerBag_10,7,6,-3.0332423210376014
1113,nBag_25_nFeat_10_nInsPerBag_10,7,7,-3.04632101597035
1114,nBag_25_nFeat_10_nInsPerBag_10,7,8,-2.9537514720720033
1115,nBag_25_nFeat_10_nInsPerBag_10,7,9,-2.951292261804309
1116,nBag_25_nFeat_10_nInsPerBag_10,8,1,-3.033292582308477
1117,nBag_25_nFeat_10_nInsPerBag_10,8,2,-2.9860762413295445
1118,nBag_25_nFeat_10_nInsPerBag_10,8,3,-3.1531737358507943
1119,nBag_25_nFeat_10_nInsPerBag_10,8,4,-3.0787230696025754
1120,nBag_25_nFeat_10_nInsPerBag_10,8,5,-3.0625393016351854
1121,nBag_25_nFeat_10_nInsPerBag_10,8,6,-2.95999199213431
1122,nBag_25_nFeat_10_nInsPerBag_10,8,7,-2.9639680252318015
1123,nBag_25_nFeat_10_nInsPerBag_10,8,8,-3.0457654170177535
1124,nBag_25_nFeat_10_nInsPerBag_10,8,9,-2.9212604085666367
1125,nBag_25_nFeat_10_nInsPerBag_10,9,1,-2.913250059713724
1126,nBag_25_nFeat_10_nInsPerBag_10,9,2,-3.028336764001994
1127,nBag_25_nFeat_10_nInsPerBag_10,9,3,-3.09269069485362
1128,nBag_25_nFeat_10_nInsPerBag_10,9,4,-2.936316171410309
1129,nBag_25_nFeat_10_nInsPerBag_10,9,5,-3.0872225463700835
1130,nBag_25_nFeat_10_nInsPerBag_10,9,6,-2.996563863413865
1131,nBag_25_nFeat_10_nInsPerBag_10,9,7,-2.92202734857973
1132,nBag_25_nFeat_10_nInsPerBag_10,9,8,-2.9887062207966304
1133,nBag_25_nFeat_10_nInsPerBag_10,9,9,-2.984175018702674
1134,nBag_50_nFeat_2_nInsPerBag_5,1,1,-2.895976312762746
1135,nBag_50_nFeat_2_nInsPerBag_5,1,2,-3.040315285156607
1136,nBag_50_nFeat_2_nInsPerBag_5,1,3,-2.912221238484007
1137,nBag_50_nFeat_2_nInsPerBag_5,1,4,-2.950000810456759
1138,nBag_50_nFeat_2_nInsPerBag_5,1,5,-2.8703516655598715
1139,nBag_50_nFeat_2_nInsPerBag_5,1,6,-2.890769643293389
1140,nBag_50_nFeat_2_nInsPerBag_5,1,7,-2.9904452569703652
1141,nBag_50_nFeat_2_nInsPerBag_5,1,8,-2.9231616510274
1142,nBag_50_nFeat_2_nInsPerBag_5,1,9,-2.9791495485180395
1143,nBag_50_nFeat_2_nInsPerBag_5,2,1,-3.0135863117560917
1144,nBag_50_nFeat_2_nInsPerBag_5,2,2,-2.927071638818317
1145,nBag_50_nFeat_2_nInsPerBag_5,2,3,-2.8778937508075373
1146,nBag_50_nFeat_2_nInsPerBag_5,2,4,-2.9293673000901865
1147,nBag_50_nFeat_2_nInsPerBag_5,2,5,-2.8189677907573274
1148,nBag_50_nFeat_2_nInsPerBag_5,2,6,-2.895035602268075
1149,nBag_50_nFeat_2_nInsPerBag_5,2,7,-2.8988385931552627
1150,nBag_50_nFeat_2_nInsPerBag_5,2,8,-2.89969449568586
1151,nBag_50_nFeat_2_nInsPerBag_5,2,9,-2.9240298520286503
1152,nBag_50_nFeat_2_nInsPerBag_5,3,1,-2.9146398482512503
1153,nBag_50_nFeat_2_nInsPerBag_5,3,2,-2.8619962117394286
1154,nBag_50_nFeat_2_nInsPerBag_5,3,3,-3.001463768334384
1155,nBag_50_nFeat_2_nInsPerBag_5,3,4,-2.8828218705710937
1156,nBag_50_nFeat_2_nInsPerBag_5,3,5,-3.0424181835824284
1157,nBag_50_nFeat_2_nInsPerBag_5,3,6,-2.854097077119443
1158,nBag_50_nFeat_2_nInsPerBag_5,3,7,-2.8660570017848612
1159,nBag_50_nFeat_2_nInsPerBag_5,3,8,-2.8048631930503234
1160,nBag_50_nFeat_2_nInsPerBag_5,3,9,-3.0143022101102246
1161,nBag_50_nFeat_2_nInsPerBag_5,4,1,-2.9421748980733993
1162,nBag_50_nFeat_2_nInsPerBag_5,4,2,-2.857199628340043
1163,nBag_50_nFeat_2_nInsPerBag_5,4,3,-2.905394885101806
1164,nBag_50_nFeat_2_nInsPerBag_5,4,4,-2.810511708155028
1165,nBag_50_nFeat_2_nInsPerBag_5,4,5,-2.868541628993942
1166,nBag_50_nFeat_2_nInsPerBag_5,4,6,-3.0019495006025725
1167,nBag_50_nFeat_2_nInsPerBag_5,4,7,-2.842366346771513
1168,nBag_50_nFeat_2_nInsPerBag_5,4,8,-3.029535494790689
1169,nBag_50_nFeat_2_nInsPerBag_5,4,9,-2.949863044723057
1170,nBag_50_nFeat_2_nInsPerBag_5,5,1,-2.881826665582978
1171,nBag_50_nFeat_2_nInsPerBag_5,5,2,-3.0917740243545815
1172,nBag_50_nFeat_2_nInsPerBag_5,5,3,-2.9215783776947206
1173,nBag_50_nFeat_2_nInsPerBag_5,5,4,-2.8952025108122883
1174,nBag_50_nFeat_2_nInsPerBag_5,5,5,-2.891054697026442
1175,nBag_50_nFeat_2_nInsPerBag_5,5,6,-2.926014698704673
1176,nBag_50_nFeat_2_nInsPerBag_5,5,7,-2.7829013781778826
1177,nBag_50_nFeat_2_nInsPerBag_5,5,8,-2.9378840602021263
1178,nBag_50_nFeat_2_nInsPerBag_5,5,9,-2.9918423970295325
1179,nBag_50_nFeat_2_nInsPerBag_5,6,1,-2.878692438828141
1180,nBag_50_nFeat_2_nInsPerBag_5,6,2,-2.863572451067913
1181,nBag_50_nFeat_2_nInsPerBag_5,6,3,-2.8931407715190485
1182,nBag_50_nFeat_2_nInsPerBag_5,6,4,-2.9840659664515297
1183,nBag_50_nFeat_2_nInsPerBag_5,6,5,-2.996629278226544
1184,nBag_50_nFeat_2_nInsPerBag_5,6,6,-2.976657972941015
1185,nBag_50_nFeat_2_nInsPerBag_5,6,7,-2.834836685234685
1186,nBag_50_nFeat_2_nInsPerBag_5,6,8,-2.9193796044935265
1187,nBag_50_nFeat_2_nInsPerBag_5,6,9,-2.9725672299264136
1188,nBag_50_nFeat_2_nInsPerBag_5,7,1,-2.8989380036393437
1189,nBag_50_nFeat_2_nInsPerBag_5,7,2,-2.969893077928979
1190,nBag_50_nFeat_2_nInsPerBag_5,7,3,-2.912096014903094
1191,nBag_50_nFeat_2_nInsPerBag_5,7,4,-2.8142076479190496
1192,nBag_50_nFeat_2_nInsPerBag_5,7,5,-3.0418528287034055
1193,nBag_50_nFeat_2_nInsPerBag_5,7,6,-2.7915805219883025
1194,nBag_50_nFeat_2_nInsPerBag_5,7,7,-2.960996950370631
1195,nBag_50_nFeat_2_nInsPerBag_5,7,8,-2.919438590211019
1196,nBag_50_nFeat_2_nInsPerBag_5,7,9,-2.920148184747454
1197,nBag_50_nFeat_2_nInsPerBag_5,8,1,-2.994881330171336
1198,nBag_50_nFeat_2_nInsPerBag_5,8,2,-3.039512746755336
1199,nBag_50_nFeat_2_nInsPerBag_5,8,3,-2.9129454843638807
1200,nBag_50_nFeat_2_nInsPerBag_5,8,4,-2.9277593285541674
1201,nBag_50_nFeat_2_nInsPerBag_5,8,5,-2.7566434461788134
1202,nBag_50_nFeat_2_nInsPerBag_5,8,6,-2.8945867200092157
1203,nBag_50_nFeat_2_nInsPerBag_5,8,7,-2.824803565134058
1204,nBag_50_nFeat_2_nInsPerBag_5,8,8,-2.9010089806634785
1205,nBag_50_nFeat_2_nInsPerBag_5,8,9,-2.814273326838096
1206,nBag_50_nFeat_2_nInsPerBag_5,9,1,-2.986560059118186
1207,nBag_50_nFeat_2_nInsPerBag_5,9,2,-2.8570612101354067
1208,nBag_50_nFeat_2_nInsPerBag_5,9,3,-2.8168226794458904
1209,nBag_50_nFeat_2_nInsPerBag_5,9,4,-3.0253773698560678
1210,nBag_50_nFeat_2_nInsPerBag_5,9,5,-2.962326484847472
1211,nBag_50_nFeat_2_nInsPerBag_5,9,6,-2.818519809334738
1212,nBag_50_nFeat_2_nInsPerBag_5,9,7,-2.868387235735846
1213,nBag_50_nFeat_2_nInsPerBag_5,9,8,-2.9387809660423123
1214,nBag_50_nFeat_2_nInsPerBag_5,9,9,-2.9076879588683693
1215,nBag_50_nFeat_10_nInsPerBag_2,1,1,3.1286972272923865
1216,nBag_50_nFeat_10_nInsPerBag_2,1,2,3.2878275906498704
1217,nBag_50_nFeat_10_nInsPerBag_2,1,3,3.442945505753496
1218,nBag_50_nFeat_10_nInsPerBag_2,1,4,3.398013238112793
1219,nBag_50_nFeat_10_nInsPerBag_2,1,5,3.2073376068894093
1220,nBag_50_nFeat_10_nInsPerBag_2,1,6,3.4465192058613514
1221,nBag_50_nFeat_10_nInsPerBag_2,1,7,3.1230746663111764
1222,nBag_50_nFeat_10_nInsPerBag_2,1,8,3.34736727982522
1223,nBag_50_nFeat_10_nInsPerBag_2,1,9,3.188113536158095
1224,nBag_50_nFeat_10_nInsPerBag_2,2,1,3.360696988708468
1225,nBag_50_nFeat_10_nInsPerBag_2,2,2,3.570009329107383
1226,nBag_50_nFeat_10_nInsPerBag_2,2,3,3.3483090979872108
1227,nBag_50_nFeat_10_nInsPerBag_2,2,4,3.1433903515683164
1228,nBag_50_nFeat_10_nInsPerBag_2,2,5,3.289154273250949
1229,nBag_50_nFeat_10_nInsPerBag_2,2,6,3.48496985216156
1230,nBag_50_nFeat_10_nInsPerBag_2,2,7,3.363803853108976
1231,nBag_50_nFeat_10_nInsPerBag_2,2,8,3.1225001718073706
1232,nBag_50_nFeat_10_nInsPerBag_2,2,9,3.274374459158384
1233,nBag_50_nFeat_10_nInsPerBag_2,3,1,3.2294237529020093
1234,nBag_50_nFeat_10_nInsPerBag_2,3,2,3.4786785483139906
1235,nBag_50_nFeat_10_nInsPerBag_2,3,3,3.5730092337896657
1236,nBag_50_nFeat_10_nInsPerBag_2,3,4,3.320524780244614
1237,nBag_50_nFeat_10_nInsPerBag_2,3,5,3.2349598897958454
1238,nBag_50_nFeat_10_nInsPerBag_2,3,6,3.262825648195552
1239,nBag_50_nFeat_10_nInsPerBag_2,3,7,3.296713803101348
1240,nBag_50_nFeat_10_nInsPerBag_2,3,8,3.344636032130765
1241,nBag_50_nFeat_10_nInsPerBag_2,3,9,3.4535017548934843
1242,nBag_50_nFeat_10_nInsPerBag_2,4,1,3.502053513199446
1243,nBag_50_nFeat_10_nInsPerBag_2,4,2,3.2239013062769
1244,nBag_50_nFeat_10_nInsPerBag_2,4,3,3.293486783026986
1245,nBag_50_nFeat_10_nInsPerBag_2,4,4,3.4990566368829215
1246,nBag_50_nFeat_10_nInsPerBag_2,4,5,3.202431990408884
1247,nBag_50_nFeat_10_nInsPerBag_2,4,6,3.7128847504588687
1248,nBag_50_nFeat_10_nInsPerBag_2,4,7,3.4438409803185275
1249,nBag_50_nFeat_10_nInsPerBag_2,4,8,3.2820047074067005
1250,nBag_50_nFeat_10_nInsPerBag_2,4,9,3.471373622449393
1251,nBag_50_nFeat_10_nInsPerBag_2,5,1,3.595535012799846
1252,nBag_50_nFeat_10_nInsPerBag_2,5,2,3.0931868204405784
1253,nBag_50_nFeat_10_nInsPerBag_2,5,3,3.3104809263116164
1254,nBag_50_nFeat_10_nInsPerBag_2,5,4,3.561688161171407
1255,nBag_50_nFeat_10_nInsPerBag_2,5,5,3.229633228283705
1256,nBag_50_nFeat_10_nInsPerBag_2,5,6,3.343743447346989
1257,nBag_50_nFeat_10_nInsPerBag_2,5,7,3.355100167823463
1258,nBag_50_nFeat_10_nInsPerBag_2,5,8,3.1098702000015157
1259,nBag_50_nFeat_10_nInsPerBag_2,5,9,3.168514812981175
1260,nBag_50_nFeat_10_nInsPerBag_2,6,1,3.470788878627083
1261,nBag_50_nFeat_10_nInsPerBag_2,6,2,3.3499222114540395
1262,nBag_50_nFeat_10_nInsPerBag_2,6,3,3.5027931818184372
1263,nBag_50_nFeat_10_nInsPerBag_2,6,4,3.3962865067463865
1264,nBag_50_nFeat_10_nInsPerBag_2,6,5,3.100043405444039
1265,nBag_50_nFeat_10_nInsPerBag_2,6,6,3.4508799544400723
1266,nBag_50_nFeat_10_nInsPerBag_2,6,7,3.454725759693078
1267,nBag_50_nFeat_10_nInsPerBag_2,6,8,3.2285051304935903
1268,nBag_50_nFeat_10_nInsPerBag_2,6,9,3.346580321240215
1269,nBag_50_nFeat_10_nInsPerBag_2,7,1,3.3311845892027714
1270,nBag_50_nFeat_10_nInsPerBag_2,7,2,3.542216634120582
1271,nBag_50_nFeat_10_nInsPerBag_2,7,3,3.292434403642174
1272,nBag_50_nFeat_10_nInsPerBag_2,7,4,3.194250852722922
1273,nBag_50_nFeat_10_nInsPerBag_2,7,5,3.980613661572701
1274,nBag_50_nFeat_10_nInsPerBag_2,7,6,3.5914402038309396
1275,nBag_50_nFeat_10_nInsPerBag_2,7,7,3.206043374352252
1276,nBag_50_nFeat_10_nInsPerBag_2,7,8,3.465022306823887
1277,nBag_50_nFeat_10_nInsPerBag_2,7,9,3.1741261985413867
1278,nBag_50_nFeat_10_nInsPerBag_2,8,1,3.39018800802479
1279,nBag_50_nFeat_10_nInsPerBag_2,8,2,3.2303388267141004
1280,nBag_50_nFeat_10_nInsPerBag_2,8,3,3.3550201170031717
1281,nBag_50_nFeat_10_nInsPerBag_2,8,4,3.340733244891832
1282,nBag_50_nFeat_10_nInsPerBag_2,8,5,3.3261726875252746
1283,nBag_50_nFeat_10_nInsPerBag_2,8,6,3.364896118814004
1284,nBag_50_nFeat_10_nInsPerBag_2,8,7,3.6840315446704666
1285,nBag_50_nFeat_10_nInsPerBag_2,8,8,3.391685616198388
1286,nBag_50_nFeat_10_nInsPerBag_2,8,9,3.558268528848443
1287,nBag_50_nFeat_10_nInsPerBag_2,9,1,3.1247083351011247
1288,nBag_50_nFeat_10_nInsPerBag_2,9,2,3.4151330953171883
1289,nBag_50_nFeat_10_nInsPerBag_2,9,3,3.350157272426221
1290,nBag_50_nFeat_10_nInsPerBag_2,9,4,3.1203277080081278
1291,nBag_50_nFeat_10_nInsPerBag_2,9,5,3.1907334827251184
1292,nBag_50_nFeat_10_nInsPerBag_2,9,6,3.464322356601043
1293,nBag_50_nFeat_10_nInsPerBag_2,9,7,3.380217925297533
1294,nBag_50_nFeat_10_nInsPerBag_2,9,8,3.454813872460999
1295,nBag_50_nFeat_10_nInsPerBag_2,9,9,3.4824560264647975
1296,nBag_25_nFeat_5_nInsPerBag_2,1,1,-1.124030253043294
1297,nBag_25_nFeat_5_nInsPerBag_2,1,2,-1.1242931178241076
1298,nBag_25_nFeat_5_nInsPerBag_2,1,3,-1.0848312765357715
1299,nBag_25_nFeat_5_nInsPerBag_2,1,4,-1.070470374789534
1300,nBag_25_nFeat_5_nInsPerBag_2,1,5,-1.1477401641320202
1301,nBag_25_nFeat_5_nInsPerBag_2,1,6,-1.1123720601140135
1302,nBag_25_nFeat_5_nInsPerBag_2,1,7,-1.0222195378921237
1303,nBag_25_nFeat_5_nInsPerBag_2,1,8,-1.1364407258079046
1304,nBag_25_nFeat_5_nInsPerBag_2,1,9,-1.1651394029227338
1305,nBag_25_nFeat_5_nInsPerBag_2,2,1,-1.1262951328830557
1306,nBag_25_nFeat_5_nInsPerBag_2,2,2,-1.2060541622831786
1307,nBag_25_nFeat_5_nInsPerBag_2,2,3,-1.0851676647879651
1308,nBag_25_nFeat_5_nInsPerBag_2,2,4,-1.1237301761239744
1309,nBag_25_nFeat_5_nInsPerBag_2,2,5,-1.0418801530931456
1310,nBag_25_nFeat_5_nInsPerBag_2,2,6,-1.118994338020316
1311,nBag_25_nFeat_5_nInsPerBag_2,2,7,-1.0522535506926636
1312,nBag_25_nFeat_5_nInsPerBag_2,2,8,-1.129488512085245
1313,nBag_25_nFeat_5_nInsPerBag_2,2,9,-1.148726995019101
1314,nBag_25_nFeat_5_nInsPerBag_2,3,1,-1.0729464258110553
1315,nBag_25_nFeat_5_nInsPerBag_2,3,2,-1.2293728422582473
1316,nBag_25_nFeat_5_nInsPerBag_2,3,3,-1.1106243355970395
1317,nBag_25_nFeat_5_nInsPerBag_2,3,4,-1.1226499149262223
1318,nBag_25_nFeat_5_nInsPerBag_2,3,5,-1.178582330780808
1319,nBag_25_nFeat_5_nInsPerBag_2,3,6,-1.0623056281568353
1320,nBag_25_nFeat_5_nInsPerBag_2,3,7,-1.149235806324718
1321,nBag_25_nFeat_5_nInsPerBag_2,3,8,-1.0783922016158245
1322,nBag_25_nFeat_5_nInsPerBag_2,3,9,-1.0162366914189367
1323,nBag_25_nFeat_5_nInsPerBag_2,4,1,-1.1414419128357458
1324,nBag_25_nFeat_5_nInsPerBag_2,4,2,-1.0679558076977438
1325,nBag_25_nFeat_5_nInsPerBag_2,4,3,-0.998683907822816
1326,nBag_25_nFeat_5_nInsPerBag_2,4,4,-1.090147925850201
1327,nBag_25_nFeat_5_nInsPerBag_2,4,5,-1.0539411351650876
1328,nBag_25_nFeat_5_nInsPerBag_2,4,6,-1.07761527662204
1329,nBag_25_nFeat_5_nInsPerBag_2,4,7,-1.0492853337546042
1330,nBag_25_nFeat_5_nInsPerBag_2,4,8,-1.1603114475047396
1331,nBag_25_nFeat_5_nInsPerBag_2,4,9,-1.126994566567281
1332,nBag_25_nFeat_5_nInsPerBag_2,5,1,-1.1651546600154223
1333,nBag_25_nFeat_5_nInsPerBag_2,5,2,-1.0303433434128149
1334,nBag_25_nFeat_5_nInsPerBag_2,5,3,-1.1327416404427362
1335,nBag_25_nFeat_5_nInsPerBag_2,5,4,-1.0631985720801271
1336,nBag_25_nFeat_5_nInsPerBag_2,5,5,-1.1017508272592034
1337,nBag_25_nFeat_5_nInsPerBag_2,5,6,-1.0403220729279967
1338,nBag_25_nFeat_5_nInsPerBag_2,5,7,-1.1224001898489968
1339,nBag_25_nFeat_5_nInsPerBag_2,5,8,-1.0637621661080316
1340,nBag_25_nFeat_5_nInsPerBag_2,5,9,-1.1362247477788892
1341,nBag_25_nFeat_5_nInsPerBag_2,6,1,-1.1497557695091165
1342,nBag_25_nFeat_5_nInsPerBag_2,6,2,-1.127785766753979
1343,nBag_25_nFeat_5_nInsPerBag_2,6,3,-1.0764565536549098
1344,nBag_25_nFeat_5_nInsPerBag_2,6,4,-1.1509678160949144
1345,nBag_25_nFeat_5_nInsPerBag_2,6,5,-1.11785120485939
1346,nBag_25_nFeat_5_nInsPerBag_2,6,6,-1.071187633922373
1347,nBag_25_nFeat_5_nInsPerBag_2,6,7,-1.0284443771444673
1348,nBag_25_nFeat_5_nInsPerBag_2,6,8,-1.0541035012415596
1349,nBag_25_nFeat_5_nInsPerBag_2,6,9,-1.1097010629550341
1350,nBag_25_nFeat_5_nInsPerBag_2,7,1,-1.0744216237656166
1351,nBag_25_nFeat_5_nInsPerBag_2,7,2,-1.1598673830909194
1352,nBag_25_nFeat_5_nInsPerBag_2,7,3,-1.1219812995727605
1353,nBag_25_nFeat_5_nInsPerBag_2,7,4,-1.107776629389386
1354,nBag_25_nFeat_5_nInsPerBag_2,7,5,-1.1382570464743051
1355,nBag_25_nFeat_5_nInsPerBag_2,7,6,-1.0710924048339592
1356,nBag_25_nFeat_5_nInsPerBag_2,7,7,-1.1357297328030367
1357,nBag_25_nFeat_5_nInsPerBag_2,7,8,-1.090273192482231
1358,nBag_25_nFeat_5_nInsPerBag_2,7,9,-1.1445878304201347
1359,nBag_25_nFeat_5_nInsPerBag_2,8,1,-1.1144534155995378
1360,nBag_25_nFeat_5_nInsPerBag_2,8,2,-1.0381008546076873
1361,nBag_25_nFeat_5_nInsPerBag_2,8,3,-1.0468573503567433
1362,nBag_25_nFeat_5_nInsPerBag_2,8,4,-1.1154701390105455
1363,nBag_25_nFeat_5_nInsPerBag_2,8,5,-1.0820878429072622
1364,nBag_25_nFeat_5_nInsPerBag_2,8,6,-1.1191275133948553
1365,nBag_25_nFeat_5_nInsPerBag_2,8,7,-1.1300919870686101
1366,nBag_25_nFeat_5_nInsPerBag_2,8,8,-1.1909863042371365
1367,nBag_25_nFeat_5_nInsPerBag_2,8,9,-1.2231100241727841
1368,nBag_25_nFeat_5_nInsPerBag_2,9,1,-1.1104969481687539
1369,nBag_25_nFeat_5_nInsPerBag_2,9,2,-1.1597985296396782
1370,nBag_25_nFeat_5_nInsPerBag_2,9,3,-1.105812452459598
1371,nBag_25_nFeat_5_nInsPerBag_2,9,4,-1.121993312174014
1372,nBag_25_nFeat_5_nInsPerBag_2,9,5,-1.1343907451532311
1373,nBag_25_nFeat_5_nInsPerBag_2,9,6,-1.2108858394311015
1374,nBag_25_nFeat_5_nInsPerBag_2,9,7,-1.1185446044910354
1375,nBag_25_nFeat_5_nInsPerBag_2,9,8,-1.0746458464306687
1376,nBag_25_nFeat_5_nInsPerBag_2,9,9,-1.0180764674498024
1377,nBag_25_nFeat_10_nInsPerBag_2,1,1,-3.745095047708205
1378,nBag_25_nFeat_10_nInsPerBag_2,1,2,-3.5463474655540996
1379,nBag_25_nFeat_10_nInsPerBag_2,1,3,-3.443806930038163
1380,nBag_25_nFeat_10_nInsPerBag_2,1,4,-3.6187524398921997
1381,nBag_25_nFeat_10_nInsPerBag_2,1,5,-3.501180502388229
1382,nBag_25_nFeat_10_nInsPerBag_2,1,6,-3.4525180142986276
1383,nBag_25_nFeat_10_nInsPerBag_2,1,7,-3.513132607060632
1384,nBag_25_nFeat_10_nInsPerBag_2,1,8,-4.183899765841276
1385,nBag_25_nFeat_10_nInsPerBag_2,1,9,-3.383917947105265
1386,nBag_25_nFeat_10_nInsPerBag_2,2,1,-3.699292443465185
1387,nBag_25_nFeat_10_nInsPerBag_2,2,2,-3.752391184104741
1388,nBag_25_nFeat_10_nInsPerBag_2,2,3,-3.5856032286604442
1389,nBag_25_nFeat_10_nInsPerBag_2,2,4,-3.9037911085378303
1390,nBag_25_nFeat_10_nInsPerBag_2,2,5,-3.756083306088956
1391,nBag_25_nFeat_10_nInsPerBag_2,2,6,-3.4863313522941812
1392,nBag_25_nFeat_10_nInsPerBag_2,2,7,-3.772393856076436
1393,nBag_25_nFeat_10_nInsPerBag_2,2,8,-3.6645952029559914
1394,nBag_25_nFeat_10_nInsPerBag_2,2,9,-3.2253092053921137
1395,nBag_25_nFeat_10_nInsPerBag_2,3,1,-3.2761522508306395
1396,nBag_25_nFeat_10_nInsPerBag_2,3,2,-3.405427419438353
1397,nBag_25_nFeat_10_nInsPerBag_2,3,3,-3.731789393611735
1398,nBag_25_nFeat_10_nInsPerBag_2,3,4,-3.936580910619723
1399,nBag_25_nFeat_10_nInsPerBag_2,3,5,-3.4406766575666006
1400,nBag_25_nFeat_10_nInsPerBag_2,3,6,-3.450393191275845
1401,nBag_25_nFeat_10_nInsPerBag_2,3,7,-3.417255907317497
1402,nBag_25_nFeat_10_nInsPerBag_2,3,8,-3.601419538322601
1403,nBag_25_nFeat_10_nInsPerBag_2,3,9,-3.775053377899771
1404,nBag_25_nFeat_10_nInsPerBag_2,4,1,-3.8446212081097286
1405,nBag_25_nFeat_10_nInsPerBag_2,4,2,-3.60753516281122
1406,nBag_25_nFeat_10_nInsPerBag_2,4,3,-3.854627382457194
1407,nBag_25_nFeat_10_nInsPerBag_2,4,4,-3.6426141049655985
1408,nBag_25_nFeat_10_nInsPerBag_2,4,5,-3.4801835490931707
1409,nBag_25_nFeat_10_nInsPerBag_2,4,6,-3.6747030238010567
1410,nBag_25_nFeat_10_nInsPerBag_2,4,7,-3.7804140576584087
1411,nBag_25_nFeat_10_nInsPerBag_2,4,8,-3.658738928992939
1412,nBag_25_nFeat_10_nInsPerBag_2,4,9,-3.727546630092185
1413,nBag_25_nFeat_10_nInsPerBag_2,5,1,-3.7248167841835857
1414,nBag_25_nFeat_10_nInsPerBag_2,5,2,-3.81052538414911
1415,nBag_25_nFeat_10_nInsPerBag_2,5,3,-4.025468775184701
1416,nBag_25_nFeat_10_nInsPerBag_2,5,4,-3.5961438640859202
1417,nBag_25_nFeat_10_nInsPerBag_2,5,5,-3.429333757485361
1418,nBag_25_nFeat_10_nInsPerBag_2,5,6,-3.8276233943750344
1419,nBag_25_nFeat_10_nInsPerBag_2,5,7,-3.7483108511049474
1420,nBag_25_nFeat_10_nInsPerBag_2,5,8,-3.6881027536805604
1421,nBag_25_nFeat_10_nInsPerBag_2,5,9,-3.583569380833778
1422,nBag_25_nFeat_10_nInsPerBag_2,6,1,-3.9010472481033713
1423,nBag_25_nFeat_10_nInsPerBag_2,6,2,-3.5261860721680334
1424,nBag_25_nFeat_10_nInsPerBag_2,6,3,-3.786476971603066
1425,nBag_25_nFeat_10_nInsPerBag_2,6,4,-3.4461835738160453
1426,nBag_25_nFeat_10_nInsPerBag_2,6,5,-3.6507699636706574
1427,nBag_25_nFeat_10_nInsPerBag_2,6,6,-3.8336584937441356
1428,nBag_25_nFeat_10_nInsPerBag_2,6,7,-3.6191733058001296
1429,nBag_25_nFeat_10_nInsPerBag_2,6,8,-3.439140978062808
1430,nBag_25_nFeat_10_nInsPerBag_2,6,9,-3.301621266623454
1431,nBag_25_nFeat_10_nInsPerBag_2,7,1,-3.667065754027853
1432,nBag_25_nFeat_10_nInsPerBag_2,7,2,-3.4008000854290943
1433,nBag_25_nFeat_10_nInsPerBag_2,7,3,-3.4905135916548105
1434,nBag_25_nFeat_10_nInsPerBag_2,7,4,-3.9202564185625413
1435,nBag_25_nFeat_10_nInsPerBag_2,7,5,-3.512011690723973
1436,nBag_25_nFeat_10_nInsPerBag_2,7,6,-3.6493247783692397
1437,nBag_25_nFeat_10_nInsPerBag_2,7,7,-3.722047797514818
1438,nBag_25_nFeat_10_nInsPerBag_2,7,8,-3.860302884008606
1439,nBag_25_nFeat_10_nInsPerBag_2,7,9,-3.505397738376784
1440,nBag_25_nFeat_10_nInsPerBag_2,8,1,-3.3965412343905412
1441,nBag_25_nFeat_10_nInsPerBag_2,8,2,-3.8623466002871996
1442,nBag_25_nFeat_10_nInsPerBag_2,8,3,-3.8616619220658954
1443,nBag_25_nFeat_10_nInsPerBag_2,8,4,-4.178686588220118
1444,nBag_25_nFeat_10_nInsPerBag_2,8,5,-3.455072957897302
1445,nBag_25_nFeat_10_nInsPerBag_2,8,6,-3.558405096408559
1446,nBag_25_nFeat_10_nInsPerBag_2,8,7,-3.6898898142269148
1447,nBag_25_nFeat_10_nInsPerBag_2,8,8,-3.6748388511189174
1448,nBag_25_nFeat_10_nInsPerBag_2,8,9,-3.704166050105009
1449,nBag_25_nFeat_10_nInsPerBag_2,9,1,-3.850702893175015
1450,nBag_25_nFeat_10_nInsPerBag_2,9,2,-3.3108647433578198
1451,nBag_25_nFeat_10_nInsPerBag_2,9,3,-3.3628111778419734
1452,nBag_25_nFeat_10_nInsPerBag_2,9,4,-3.9950107008516285
1453,nBag_25_nFeat_10_nInsPerBag_2,9,5,-3.628825692960534
1454,nBag_25_nFeat_10_nInsPerBag_2,9,6,-3.488376630226484
1455,nBag_25_nFeat_10_nInsPerBag_2,9,7,-4.104804347357374
1456,nBag_25_nFeat_10_nInsPerBag_2,9,8,-3.437776972750553
1457,nBag_25_nFeat_10_nInsPerBag_2,9,9,-4.166365601296178
