1,1,1,8,-0.138,5,1,8,-0.138
1,1,1,8,-0.138,5,1,8,-0.138
1,1,1,8,-0.138,5,1,10,-0.048
1,1,1,10,-0.048,5,1,8,-0.138
1,1,1,10,-0.048,5,1,10,0.092
1,1,1,10,0.092,5,1,10,-0.048
1,1,1,10,0.092,5,1,8,-0.138
1,1,1,8,-0.138,5,1,10,0.092
1,1,1,8,-0.138,5,1,8,-0.138
1,1,1,8,-0.138,5,1,8,-0.138
1,1,1,8,-0.138,5,1,8,-0.138
1,1,1,8,-0.138,5,1,8,-0.138
1,1,1,10,-0.048,5,6,16,-0.367
1,1,6,16,-0.367,5,1,10,-0.048
1,1,6,16,-0.367,5,1,7,0.162
1,1,1,7,0.162,5,6,16,-0.367
1,1,1,10,0.092,5,1,7,-0.108
1,1,1,7,-0.108,5,1,10,0.092
1,1,1,7,-0.108,5,1,7,0.162
1,1,1,7,0.162,5,1,7,-0.108
1,1,1,8,-0.138,0,6,19,0.793
1,1,6,19,0.793,0,1,8,-0.138
1,1,6,19,0.793,1,7,20,-0.407
1,1,7,20,-0.407,1,6,19,0.793
1,1,6,19,0.793,1,7,20,-0.407
1,1,7,20,-0.407,1,6,19,0.793
1,1,6,16,-0.367,0,4,0,0.292
1,1,4,0,0.292,0,6,16,-0.367
1,1,1,8,-0.138,0,4,1,0.122
1,1,4,1,0.122,0,1,8,-0.138
1,1,1,8,-0.138,0,4,1,0.122
1,1,4,1,0.122,0,1,8,-0.138
1,1,1,8,-0.138,0,4,1,0.092
1,1,4,1,0.092,0,1,8,-0.138
1,1,1,7,0.162,0,4,1,0.122
1,1,4,1,0.122,0,1,7,0.162
1,1,1,7,-0.108,0,4,1,0.092
1,1,4,1,0.092,0,1,7,-0.108
1,2,1,8,-0.133,5,1,8,-0.133
1,2,1,8,-0.133,5,1,8,-0.133
1,2,1,8,-0.133,5,1,11,-0.002
1,2,1,11,-0.002,5,1,8,-0.133
1,2,1,11,-0.002,5,1,11,-0.102
1,2,1,11,-0.102,5,1,11,-0.002
1,2,1,11,-0.102,5,1,11,-0.002
1,2,1,11,-0.002,5,1,11,-0.102
1,2,1,11,-0.002,5,1,8,-0.133
1,2,1,8,-0.133,5,1,11,-0.002
1,2,1,8,-0.133,5,1,8,-0.133
1,2,1,8,-0.133,5,1,8,-0.133
1,2,1,11,-0.102,5,1,11,-0.102
1,2,1,11,-0.102,5,1,11,-0.102
1,2,1,11,-0.102,5,1,11,-0.002
1,2,1,11,-0.002,5,1,11,-0.102
1,2,1,11,-0.002,5,1,8,-0.133
1,2,1,8,-0.133,5,1,11,-0.002
1,2,1,8,-0.133,5,1,8,-0.133
1,2,1,8,-0.133,5,1,8,-0.133
1,2,1,8,-0.133,5,1,11,-0.002
1,2,1,11,-0.002,5,1,8,-0.133
1,2,1,11,-0.102,5,1,10,0.098
1,2,1,10,0.098,5,1,11,-0.102
1,2,1,10,0.098,5,1,10,0.098
1,2,1,10,0.098,5,1,10,0.098
1,2,1,10,0.098,5,1,8,-0.133
1,2,1,8,-0.133,5,1,10,0.098
1,2,1,8,-0.133,5,1,8,-0.133
1,2,1,8,-0.133,5,1,8,-0.133
1,2,1,8,-0.133,5,1,11,-0.002
1,2,1,11,-0.002,5,1,8,-0.133
1,2,1,11,-0.002,5,1,8,-0.132
1,2,1,8,-0.132,5,1,11,-0.002
1,2,1,8,-0.132,5,1,10,0.098
1,2,1,10,0.098,5,1,8,-0.132
1,2,1,10,0.098,5,1,10,0.098
1,2,1,10,0.098,5,1,10,0.098
1,2,1,10,0.098,5,1,7,-0.102
1,2,1,7,-0.102,5,1,10,0.098
1,2,1,10,0.098,5,1,7,-0.002
1,2,1,7,-0.002,5,1,10,0.098
1,2,1,7,-0.002,5,1,7,-0.102
1,2,1,7,-0.102,5,1,7,-0.002
1,2,1,8,-0.133,0,4,1,0.128
1,2,4,1,0.128,0,1,8,-0.133
1,2,1,8,-0.133,0,4,1,0.128
1,2,4,1,0.128,0,1,8,-0.133
1,2,1,8,-0.133,0,4,1,0.128
1,2,4,1,0.128,0,1,8,-0.133
1,2,1,8,-0.133,0,4,1,0.128
1,2,4,1,0.128,0,1,8,-0.133
1,2,1,8,-0.133,0,4,1,0.128
1,2,4,1,0.128,0,1,8,-0.133
1,2,1,8,-0.133,0,4,1,0.098
1,2,4,1,0.098,0,1,8,-0.133
1,2,1,8,-0.133,0,4,1,0.128
1,2,4,1,0.128,0,1,8,-0.133
1,2,1,8,-0.132,0,4,1,0.128
1,2,4,1,0.128,0,1,8,-0.132
1,2,1,7,-0.102,0,4,1,0.098
1,2,4,1,0.098,0,1,7,-0.102
1,2,1,7,-0.002,0,6,19,0.797
1,2,6,19,0.797,0,1,7,-0.002
1,2,6,19,0.797,1,7,20,-0.403
1,2,7,20,-0.403,1,6,19,0.797
1,2,6,19,0.797,1,7,20,-0.403
1,2,7,20,-0.403,1,6,19,0.797
1,3,1,8,-0.132,5,1,8,-0.132
1,3,1,8,-0.132,5,1,8,-0.132
1,3,1,8,-0.132,5,1,8,-0.132
1,3,1,8,-0.132,5,1,8,-0.132
1,3,1,8,-0.132,5,1,8,0.198
1,3,1,8,0.198,5,1,8,-0.132
1,3,1,8,0.198,5,1,8,0.198
1,3,1,8,0.198,5,1,8,0.198
1,3,1,8,0.198,5,1,8,-0.132
1,3,1,8,-0.132,5,1,8,0.198
1,3,1,8,-0.132,5,1,8,-0.132
1,3,1,8,-0.132,5,1,8,-0.132
1,3,1,8,-0.132,0,4,1,0.128
1,3,4,1,0.128,0,1,8,-0.132
1,3,1,8,-0.132,0,4,1,0.128
1,3,4,1,0.128,0,1,8,-0.132
1,3,1,8,-0.132,0,4,1,0.128
1,3,4,1,0.128,0,1,8,-0.132
1,3,1,8,0.198,0,6,15,-0.781
1,3,6,15,-0.781,0,1,8,0.198
1,3,1,8,-0.132,0,6,19,0.799
1,3,6,19,0.799,0,1,8,-0.132
1,3,6,15,-0.781,0,4,0,0.328
1,3,4,0,0.328,0,6,15,-0.781
1,3,6,15,-0.781,0,4,0,0.328
1,3,4,0,0.328,0,6,15,-0.781
1,3,6,19,0.799,1,7,20,-0.401
1,3,7,20,-0.401,1,6,19,0.799
1,3,6,19,0.799,1,7,20,-0.401
1,3,7,20,-0.401,1,6,19,0.799
1,3,1,8,0.198,0,6,15,-0.781
1,3,6,15,-0.781,0,1,8,0.198
1,3,6,15,-0.781,0,4,0,0.329
1,3,4,0,0.329,0,6,15,-0.781
1,3,6,15,-0.781,0,4,0,0.328
1,3,4,0,0.328,0,6,15,-0.781
1,4,1,8,-0.086,5,1,8,-0.086
1,4,1,8,-0.086,5,1,8,-0.086
1,4,1,8,-0.086,5,1,10,-0.056
1,4,1,10,-0.056,5,1,8,-0.086
1,4,1,10,-0.056,5,1,10,-0.056
1,4,1,10,-0.056,5,1,10,-0.056
1,4,1,10,-0.056,5,1,8,-0.086
1,4,1,8,-0.086,5,1,10,-0.056
1,4,1,8,-0.086,5,1,8,-0.086
1,4,1,8,-0.086,5,1,8,-0.086
1,4,1,8,-0.086,5,1,8,-0.086
1,4,1,8,-0.086,5,1,8,-0.086
1,4,1,10,-0.056,5,6,16,-0.496
1,4,6,16,-0.496,5,1,10,-0.056
1,4,6,16,-0.496,5,1,7,0.044
1,4,1,7,0.044,5,6,16,-0.496
1,4,1,10,-0.056,5,6,16,-0.496
1,4,6,16,-0.496,5,1,10,-0.056
1,4,6,16,-0.496,5,1,7,0.044
1,4,1,7,0.044,5,6,16,-0.496
1,4,6,16,-0.496,0,1,3,0.294
1,4,1,3,0.294,0,6,16,-0.496
1,4,1,7,0.044,0,6,19,0.844
1,4,6,19,0.844,0,1,7,0.044
1,4,6,19,0.844,1,7,20,-0.356
1,4,7,20,-0.356,1,6,19,0.844
1,4,6,19,0.844,1,7,20,-0.356
1,4,7,20,-0.356,1,6,19,0.844
1,4,1,8,-0.086,0,4,1,0.174
1,4,4,1,0.174,0,1,8,-0.086
1,4,1,8,-0.086,0,4,1,0.174
1,4,4,1,0.174,0,1,8,-0.086
1,4,1,8,-0.086,0,4,1,0.174
1,4,4,1,0.174,0,1,8,-0.086
1,4,1,8,-0.086,0,4,1,0.174
1,4,4,1,0.174,0,1,8,-0.086
1,4,1,3,0.294,0,4,1,0.094
1,4,4,1,0.094,0,1,3,0.294
1,4,1,3,0.294,0,4,1,0.094
1,4,4,1,0.094,0,1,3,0.294
1,4,1,3,0.294,0,4,1,0.094
1,4,4,1,0.094,0,1,3,0.294
1,5,1,8,-0.114,5,1,8,-0.114
1,5,1,8,-0.114,5,1,8,-0.114
1,5,1,8,-0.114,5,1,11,0.016
1,5,1,11,0.016,5,1,8,-0.114
1,5,1,11,0.016,5,1,11,-0.084
1,5,1,11,-0.084,5,1,11,0.016
1,5,1,11,-0.084,5,1,8,-0.114
1,5,1,8,-0.114,5,1,11,-0.084
1,5,1,8,-0.114,5,1,8,-0.114
1,5,1,8,-0.114,5,1,8,-0.114
1,5,1,8,-0.114,5,1,8,-0.114
1,5,1,8,-0.114,5,1,8,-0.114
1,5,1,8,-0.114,0,4,1,0.145
1,5,4,1,0.145,0,1,8,-0.114
1,5,1,8,-0.114,0,4,1,0.145
1,5,4,1,0.145,0,1,8,-0.114
1,5,1,8,-0.114,0,4,1,0.145
1,5,4,1,0.145,0,1,8,-0.114
1,5,1,8,-0.114,0,4,1,0.145
1,5,4,1,0.145,0,1,8,-0.114
1,5,1,11,0.016,5,1,8,-0.114
1,5,1,8,-0.114,5,1,11,0.016
1,5,1,8,-0.114,5,1,11,0.016
1,5,1,11,0.016,5,1,8,-0.114
1,5,1,11,0.016,5,1,34,-0.084
1,5,1,34,-0.084,5,1,11,0.016
1,5,1,34,-0.084,5,1,34,-0.084
1,5,1,34,-0.084,5,1,34,-0.084
1,5,1,34,-0.084,5,1,11,-0.084
1,5,1,11,-0.084,5,1,34,-0.084
1,5,1,11,0.016,5,1,8,-0.114
1,5,1,8,-0.114,5,1,11,0.016
1,5,1,8,-0.114,5,1,8,-0.114
1,5,1,8,-0.114,5,1,8,-0.114
1,5,1,8,-0.114,5,1,11,0.016
1,5,1,11,0.016,5,1,8,-0.114
1,5,1,11,0.016,5,1,11,-0.084
1,5,1,11,-0.084,5,1,11,0.016
1,5,1,11,-0.084,5,1,34,-0.084
1,5,1,34,-0.084,5,1,11,-0.084
1,5,1,8,-0.114,0,4,1,0.145
1,5,4,1,0.145,0,1,8,-0.114
1,5,1,8,-0.114,0,4,1,0.145
1,5,4,1,0.145,0,1,8,-0.114
1,5,1,11,-0.084,5,1,11,0.016
1,5,1,11,0.016,5,1,11,-0.084
1,5,1,11,0.016,5,1,8,-0.114
1,5,1,8,-0.114,5,1,11,0.016
1,5,1,8,-0.114,5,1,8,-0.114
1,5,1,8,-0.114,5,1,8,-0.114
1,5,1,8,-0.114,5,1,34,-0.084
1,5,1,34,-0.084,5,1,8,-0.114
1,5,1,8,-0.114,0,4,1,0.145
1,5,4,1,0.145,0,1,8,-0.114
1,5,1,8,-0.114,0,4,1,0.145
1,5,4,1,0.145,0,1,8,-0.114
1,5,1,11,0.016,5,1,8,-0.114
1,5,1,8,-0.114,5,1,11,0.016
1,5,1,8,-0.114,5,1,8,-0.114
1,5,1,8,-0.114,5,1,8,-0.114
1,5,1,8,-0.114,5,1,8,-0.114
1,5,1,8,-0.114,5,1,8,-0.114
1,5,1,8,-0.114,5,1,11,0.016
1,5,1,11,0.016,5,1,8,-0.114
1,5,1,8,-0.114,0,4,1,0.145
1,5,4,1,0.145,0,1,8,-0.114
1,5,1,8,-0.114,0,4,1,0.145
1,5,4,1,0.145,0,1,8,-0.114
1,5,1,8,-0.114,0,4,1,0.145
1,5,4,1,0.145,0,1,8,-0.114
1,5,1,8,-0.114,0,6,19,0.815
1,5,6,19,0.815,0,1,8,-0.114
1,5,6,19,0.815,1,7,20,-0.385
1,5,7,20,-0.385,1,6,19,0.815
1,5,6,19,0.815,1,7,20,-0.385
1,5,7,20,-0.385,1,6,19,0.815
1,6,1,8,-0.115,5,1,8,-0.115
1,6,1,8,-0.115,5,1,8,-0.115
1,6,1,8,-0.115,5,1,11,0.015
1,6,1,11,0.015,5,1,8,-0.115
1,6,1,11,0.015,5,1,11,-0.085
1,6,1,11,-0.085,5,1,11,0.015
1,6,1,11,-0.085,5,1,8,-0.115
1,6,1,8,-0.115,5,1,11,-0.085
1,6,1,8,-0.115,5,1,8,-0.115
1,6,1,8,-0.115,5,1,8,-0.115
1,6,1,8,-0.115,5,1,8,-0.115
1,6,1,8,-0.115,5,1,8,-0.115
1,6,1,11,0.015,5,1,8,-0.115
1,6,1,8,-0.115,5,1,11,0.015
1,6,1,8,-0.115,5,1,8,0.015
1,6,1,8,0.015,5,1,8,-0.115
1,6,1,8,0.015,5,1,34,-0.085
1,6,1,34,-0.085,5,1,8,0.015
1,6,1,34,-0.085,5,1,34,-0.085
1,6,1,34,-0.085,5,1,34,-0.085
1,6,1,34,-0.085,5,1,11,-0.085
1,6,1,11,-0.085,5,1,34,-0.085
1,6,1,8,0.015,0,1,3,-0.085
1,6,1,3,-0.085,0,1,8,0.015
1,6,1,3,-0.085,0,1,3,-0.085
1,6,1,3,-0.085,0,1,3,-0.085
1,6,1,3,-0.085,0,1,8,0.015
1,6,1,8,0.015,0,1,3,-0.085
1,6,1,8,0.015,5,1,11,-0.085
1,6,1,11,-0.085,5,1,8,0.015
1,6,1,11,-0.085,5,1,34,-0.085
1,6,1,34,-0.085,5,1,11,-0.085
1,6,1,11,-0.085,5,1,11,0.015
1,6,1,11,0.015,5,1,11,-0.085
1,6,1,11,0.015,5,1,8,-0.115
1,6,1,8,-0.115,5,1,11,0.015
1,6,1,8,-0.115,5,1,8,-0.115
1,6,1,8,-0.115,5,1,8,-0.115
1,6,1,8,-0.115,5,1,34,-0.085
1,6,1,34,-0.085,5,1,8,-0.115
1,6,1,8,0.015,5,1,8,-0.115
1,6,1,8,-0.115,5,1,8,0.015
1,6,1,8,-0.115,5,1,8,-0.115
1,6,1,8,-0.115,5,1,8,-0.115
1,6,1,8,-0.115,5,1,8,-0.115
1,6,1,8,-0.115,5,1,8,-0.115
1,6,1,8,-0.115,5,1,11,0.015
1,6,1,11,0.015,5,1,8,-0.115
1,6,1,8,-0.115,0,6,19,0.814
1,6,6,19,0.814,0,1,8,-0.115
1,6,6,19,0.814,1,7,20,-0.386
1,6,7,20,-0.386,1,6,19,0.814
1,6,6,19,0.814,1,7,20,-0.386
1,6,7,20,-0.386,1,6,19,0.814
1,6,1,8,-0.115,0,4,1,0.144
1,6,4,1,0.144,0,1,8,-0.115
1,6,1,8,-0.115,0,4,1,0.144
1,6,4,1,0.144,0,1,8,-0.115
1,6,1,8,-0.115,0,4,1,0.144
1,6,4,1,0.144,0,1,8,-0.115
1,6,1,8,-0.115,0,4,1,0.144
1,6,4,1,0.144,0,1,8,-0.115
1,6,1,8,-0.115,0,4,1,0.144
1,6,4,1,0.144,0,1,8,-0.115
1,6,1,8,-0.115,0,4,1,0.145
1,6,4,1,0.145,0,1,8,-0.115
1,6,1,8,-0.115,0,4,1,0.145
1,6,4,1,0.145,0,1,8,-0.115
1,6,1,8,-0.115,0,4,1,0.144
1,6,4,1,0.144,0,1,8,-0.115
1,6,1,8,-0.115,0,4,1,0.144
1,6,4,1,0.144,0,1,8,-0.115
1,6,1,3,-0.085,0,4,1,0.065
1,6,4,1,0.065,0,1,3,-0.085
1,6,1,3,-0.085,0,4,1,0.065
1,6,4,1,0.065,0,1,3,-0.085
1,6,1,3,-0.085,0,4,1,0.065
1,6,4,1,0.065,0,1,3,-0.085
1,6,1,3,-0.085,0,4,1,0.065
1,6,4,1,0.065,0,1,3,-0.085
1,7,1,8,-0.12,5,1,8,-0.12
1,7,1,8,-0.12,5,1,8,-0.12
1,7,1,8,-0.12,5,1,13,0.01
1,7,1,13,0.01,5,1,8,-0.12
1,7,1,13,0.01,5,1,11,-0.09
1,7,1,11,-0.09,5,1,13,0.01
1,7,1,11,-0.09,5,1,11,0.01
1,7,1,11,0.01,5,1,11,-0.09
1,7,1,11,0.01,5,1,8,-0.12
1,7,1,8,-0.12,5,1,11,0.01
1,7,1,8,-0.12,5,1,8,-0.12
1,7,1,8,-0.12,5,1,8,-0.12
1,7,1,8,-0.12,0,4,1,0.139
1,7,4,1,0.139,0,1,8,-0.12
1,7,1,8,-0.12,0,4,1,0.139
1,7,4,1,0.139,0,1,8,-0.12
1,7,1,8,-0.12,0,4,1,0.139
1,7,4,1,0.139,0,1,8,-0.12
1,7,1,11,-0.09,5,1,13,0.01
1,7,1,13,0.01,5,1,11,-0.09
1,7,1,13,0.01,5,1,8,-0.12
1,7,1,8,-0.12,5,1,13,0.01
1,7,1,8,-0.12,5,1,8,-0.12
1,7,1,8,-0.12,5,1,8,-0.12
1,7,1,8,-0.12,5,1,8,-0.12
1,7,1,8,-0.12,5,1,8,-0.12
1,7,1,8,-0.12,5,1,11,0.01
1,7,1,11,0.01,5,1,8,-0.12
1,7,1,8,-0.12,0,4,1,0.14
1,7,4,1,0.14,0,1,8,-0.12
1,7,1,8,-0.12,0,4,1,0.139
1,7,4,1,0.139,0,1,8,-0.12
1,7,1,8,-0.12,0,4,1,0.139
1,7,4,1,0.139,0,1,8,-0.12
1,7,1,13,0.01,0,1,13,0.01
1,7,1,13,0.01,0,1,13,0.01
1,7,1,13,0.01,5,1,11,-0.09
1,7,1,11,-0.09,5,1,13,0.01
1,7,1,11,-0.09,5,1,13,0.01
1,7,1,13,0.01,5,1,11,-0.09
1,7,1,13,0.01,0,1,13,0.01
1,7,1,13,0.01,0,1,13,0.01
1,7,1,11,-0.09,5,1,11,0.01
1,7,1,11,0.01,5,1,11,-0.09
1,7,1,11,0.01,5,1,8,-0.12
1,7,1,8,-0.12,5,1,11,0.01
1,7,1,8,-0.12,5,1,8,-0.12
1,7,1,8,-0.12,5,1,8,-0.12
1,7,1,8,-0.12,5,1,8,-0.12
1,7,1,8,-0.12,5,1,8,-0.12
1,7,1,8,-0.12,5,1,13,0.01
1,7,1,13,0.01,5,1,8,-0.12
1,7,1,8,-0.12,0,4,1,0.14
1,7,4,1,0.14,0,1,8,-0.12
1,7,1,8,-0.12,0,4,1,0.14
1,7,4,1,0.14,0,1,8,-0.12
1,7,1,8,-0.12,0,4,1,0.139
1,7,4,1,0.139,0,1,8,-0.12
1,7,1,13,0.01,5,1,8,-0.12
1,7,1,8,-0.12,5,1,13,0.01
1,7,1,8,-0.12,5,1,8,-0.12
1,7,1,8,-0.12,5,1,8,-0.12
1,7,1,8,-0.12,5,1,8,-0.12
1,7,1,8,-0.12,5,1,8,-0.12
1,7,1,8,-0.12,5,1,11,0.01
1,7,1,11,0.01,5,1,8,-0.12
1,7,1,8,-0.12,0,4,1,0.14
1,7,4,1,0.14,0,1,8,-0.12
1,7,1,8,-0.12,0,4,1,0.139
1,7,4,1,0.139,0,1,8,-0.12
1,7,1,8,-0.12,0,6,19,0.809
1,7,6,19,0.809,0,1,8,-0.12
1,7,6,19,0.809,1,7,20,-0.391
1,7,7,20,-0.391,1,6,19,0.809
1,7,6,19,0.809,1,7,20,-0.391
1,7,7,20,-0.391,1,6,19,0.809
1,8,1,7,0.187,5,1,7,-0.143
1,8,1,7,-0.143,5,1,7,0.187
1,8,1,7,-0.143,5,1,7,-0.143
1,8,1,7,-0.143,5,1,7,-0.143
1,8,1,7,-0.143,5,1,7,-0.013
1,8,1,7,-0.013,5,1,7,-0.143
1,8,1,7,-0.013,5,7,27,-0.043
1,8,7,27,-0.043,5,1,7,-0.013
1,8,7,27,-0.043,5,1,7,0.187
1,8,1,7,0.187,5,7,27,-0.043
1,8,1,7,-0.143,0,4,1,0.117
1,8,4,1,0.117,0,1,7,-0.143
1,8,1,7,-0.143,0,4,1,0.117
1,8,4,1,0.117,0,1,7,-0.143
1,8,1,7,-0.013,0,6,19,0.786
1,8,6,19,0.786,0,1,7,-0.013
1,8,6,19,0.786,1,7,20,-0.413
1,8,7,20,-0.413,1,6,19,0.786
1,8,6,19,0.786,1,7,20,-0.413
1,8,7,20,-0.413,1,6,19,0.786
1,8,1,7,0.187,0,1,4,0.217
1,8,1,4,0.217,0,1,7,0.187
1,8,1,4,0.217,1,7,21,-0.443
1,8,7,21,-0.443,1,1,4,0.217
1,8,1,4,0.217,0,4,1,0.187
1,8,4,1,0.187,0,1,4,0.217
1,9,1,7,0.006,5,1,7,-0.124
1,9,1,7,-0.124,5,1,7,0.006
1,9,1,7,-0.124,5,1,7,-0.124
1,9,1,7,-0.124,5,1,7,-0.124
1,9,1,7,-0.124,5,1,7,0.106
1,9,1,7,0.106,5,1,7,-0.124
1,9,1,7,0.106,5,1,7,-0.124
1,9,1,7,-0.124,5,1,7,0.106
1,9,1,7,-0.124,5,1,7,0.006
1,9,1,7,0.006,5,1,7,-0.124
1,9,1,7,-0.124,0,4,1,0.136
1,9,4,1,0.136,0,1,7,-0.124
1,9,1,7,-0.124,0,4,1,0.136
1,9,4,1,0.136,0,1,7,-0.124
1,9,1,7,-0.124,0,4,1,0.136
1,9,4,1,0.136,0,1,7,-0.124
1,9,1,7,0.006,0,6,19,0.805
1,9,6,19,0.805,0,1,7,0.006
1,9,6,19,0.805,1,7,20,-0.395
1,9,7,20,-0.395,1,6,19,0.805
1,9,6,19,0.805,1,7,20,-0.395
1,9,7,20,-0.395,1,6,19,0.805
1,9,1,5,-0.195,1,1,5,-0.195
1,9,1,5,-0.195,1,1,5,-0.195
1,9,1,5,-0.195,0,1,4,0.235
1,9,1,4,0.235,0,1,5,-0.195
1,9,1,4,0.235,1,7,21,-0.425
1,9,7,21,-0.425,1,1,4,0.235
1,9,1,4,0.235,0,4,1,0.205
1,9,4,1,0.205,0,1,4,0.235
1,9,1,5,-0.195,0,4,1,0.106
1,9,4,1,0.106,0,1,5,-0.195
1,9,1,7,0.106,0,1,5,-0.195
1,9,1,5,-0.195,0,1,7,0.106
1,9,1,5,-0.195,0,4,1,0.106
1,9,4,1,0.106,0,1,5,-0.195
1,10,1,7,0.086,5,1,7,-0.144
1,10,1,7,-0.144,5,1,7,0.086
1,10,1,7,-0.144,5,1,7,-0.144
1,10,1,7,-0.144,5,1,7,-0.144
1,10,1,7,-0.144,5,1,7,-0.014
1,10,1,7,-0.014,5,1,7,-0.144
1,10,1,7,-0.014,5,7,27,-0.044
1,10,7,27,-0.044,5,1,7,-0.014
1,10,7,27,-0.044,5,1,7,0.086
1,10,1,7,0.086,5,7,27,-0.044
1,10,1,7,-0.144,0,4,1,0.116
1,10,4,1,0.116,0,1,7,-0.144
1,10,1,7,-0.144,0,4,1,0.116
1,10,4,1,0.116,0,1,7,-0.144
1,10,1,7,-0.014,0,6,19,0.788
1,10,6,19,0.788,0,1,7,-0.014
1,10,6,19,0.788,1,7,20,-0.414
1,10,7,20,-0.414,1,6,19,0.788
1,10,6,19,0.788,1,7,20,-0.414
1,10,7,20,-0.414,1,6,19,0.788
1,10,1,7,0.086,0,1,4,0.587
1,10,1,4,0.587,0,1,7,0.086
1,10,1,4,0.587,1,6,15,-0.414
1,10,6,15,-0.414,1,1,4,0.587
1,10,1,4,0.587,0,4,1,0.036
1,10,4,1,0.036,0,1,4,0.587
1,10,6,15,-0.414,0,6,15,-0.414
1,10,6,15,-0.414,0,6,15,-0.414
1,10,6,15,-0.414,0,1,4,0.587
1,10,1,4,0.587,0,6,15,-0.414
1,10,6,15,-0.414,0,4,0,0.287
1,10,4,0,0.287,0,6,15,-0.414
1,10,1,4,0.587,1,7,20,-0.563
1,10,7,20,-0.563,1,1,4,0.587
1,10,1,4,0.587,0,6,15,-0.612
1,10,6,15,-0.612,0,1,4,0.587
1,10,6,15,-0.612,0,4,0,0.287
1,10,4,0,0.287,0,6,15,-0.612
1,10,6,15,-0.612,0,4,0,0.287
1,10,4,0,0.287,0,6,15,-0.612
1,11,1,7,0.107,5,1,7,-0.123
1,11,1,7,-0.123,5,1,7,0.107
1,11,1,7,-0.123,5,1,7,-0.123
1,11,1,7,-0.123,5,1,7,-0.123
1,11,1,7,-0.123,5,1,7,0.007
1,11,1,7,0.007,5,1,7,-0.123
1,11,1,7,0.007,5,7,27,-0.023
1,11,7,27,-0.023,5,1,7,0.007
1,11,7,27,-0.023,5,1,7,0.107
1,11,1,7,0.107,5,7,27,-0.023
1,11,1,7,-0.123,0,4,1,0.137
1,11,4,1,0.137,0,1,7,-0.123
1,11,1,7,-0.123,0,4,1,0.137
1,11,4,1,0.137,0,1,7,-0.123
1,11,1,7,0.007,0,6,19,0.808
1,11,6,19,0.808,0,1,7,0.007
1,11,6,19,0.808,1,7,20,-0.393
1,11,7,20,-0.393,1,6,19,0.808
1,11,6,19,0.808,1,7,20,-0.393
1,11,7,20,-0.393,1,6,19,0.808
1,11,1,7,0.107,0,1,4,0.608
1,11,1,4,0.608,0,1,7,0.107
1,11,1,4,0.608,1,6,15,-0.393
1,11,6,15,-0.393,1,1,4,0.608
1,11,1,4,0.608,0,4,1,0.057
1,11,4,1,0.057,0,1,4,0.608
1,11,6,15,-0.393,0,6,18,-0.293
1,11,6,18,-0.293,0,6,15,-0.393
1,11,6,18,-0.293,0,6,15,-0.393
1,11,6,15,-0.393,0,6,18,-0.293
1,11,6,18,-0.293,0,4,0,0.157
1,11,4,0,0.157,0,6,18,-0.293
1,11,6,15,-0.393,0,1,3,0.007
1,11,1,3,0.007,0,6,15,-0.393
1,11,6,15,-0.393,0,1,4,0.608
1,11,1,4,0.608,0,6,15,-0.393
1,11,1,3,0.007,0,1,4,0.608
1,11,1,4,0.608,0,1,3,0.007
1,11,1,3,0.007,0,4,1,0.057
1,11,4,1,0.057,0,1,3,0.007
1,11,1,3,0.007,0,4,1,0.057
1,11,4,1,0.057,0,1,3,0.007
1,11,1,4,0.608,0,6,15,-0.393
1,11,6,15,-0.393,0,1,4,0.608
1,11,6,15,-0.393,0,1,4,0.608
1,11,1,4,0.608,0,6,15,-0.393
1,11,1,4,0.608,1,7,20,-0.542
1,11,7,20,-0.542,1,1,4,0.608
1,11,1,4,0.608,1,7,20,-0.543
1,11,7,20,-0.543,1,1,4,0.608
1,11,6,15,-0.393,0,4,0,0.257
1,11,4,0,0.257,0,6,15,-0.393
1,12,1,7,0.046,5,6,16,-0.494
1,12,6,16,-0.494,5,1,7,0.046
1,12,6,16,-0.494,5,1,7,0.046
1,12,1,7,0.046,5,6,16,-0.494
1,12,1,7,0.046,5,1,7,0.046
1,12,1,7,0.046,5,1,7,0.046
1,12,1,7,0.046,5,8,28,-0.184
1,12,8,28,-0.184,5,1,7,0.046
1,12,8,28,-0.184,5,1,7,0.046
1,12,1,7,0.046,5,8,28,-0.184
1,12,6,15,-0.354,0,1,3,0.046
1,12,1,3,0.046,0,6,15,-0.354
1,12,1,3,0.046,0,1,3,0.046
1,12,1,3,0.046,0,1,3,0.046
1,12,1,3,0.046,0,6,15,-0.354
1,12,6,15,-0.354,0,1,3,0.046
1,12,6,15,-0.354,0,1,4,0.646
1,12,1,4,0.646,0,6,15,-0.354
1,12,1,4,0.646,0,6,15,-0.354
1,12,6,15,-0.354,0,1,4,0.646
1,12,1,7,0.046,0,4,1,0.146
1,12,4,1,0.146,0,1,7,0.046
1,12,1,3,0.046,0,4,1,0.096
1,12,4,1,0.096,0,1,3,0.046
1,12,1,3,0.046,0,4,1,0.096
1,12,4,1,0.096,0,1,3,0.046
1,12,1,3,0.046,0,4,1,0.096
1,12,4,1,0.096,0,1,3,0.046
1,12,1,3,0.046,0,4,1,0.096
1,12,4,1,0.096,0,1,3,0.046
1,12,1,7,0.046,0,6,19,0.846
1,12,6,19,0.846,0,1,7,0.046
1,12,6,19,0.846,1,7,20,-0.354
1,12,7,20,-0.354,1,6,19,0.846
1,12,6,19,0.846,1,7,20,-0.354
1,12,7,20,-0.354,1,6,19,0.846
1,12,1,7,0.046,0,6,15,-0.354
1,12,6,15,-0.354,0,1,7,0.046
1,12,6,15,-0.354,0,4,0,0.346
1,12,4,0,0.346,0,6,15,-0.354
1,12,1,4,0.646,1,7,20,-0.504
1,12,7,20,-0.504,1,1,4,0.646
1,13,1,7,0.106,5,1,7,-0.124
1,13,1,7,-0.124,5,1,7,0.106
1,13,1,7,-0.124,5,1,7,-0.124
1,13,1,7,-0.124,5,1,7,-0.124
1,13,1,7,-0.124,5,1,7,0.006
1,13,1,7,0.006,5,1,7,-0.124
1,13,1,7,0.006,5,7,27,-0.024
1,13,7,27,-0.024,5,1,7,0.006
1,13,7,27,-0.024,5,1,7,0.106
1,13,1,7,0.106,5,7,27,-0.024
1,13,1,7,-0.124,0,4,1,0.136
1,13,4,1,0.136,0,1,7,-0.124
1,13,1,7,-0.124,0,4,1,0.136
1,13,4,1,0.136,0,1,7,-0.124
1,13,1,7,0.006,0,6,19,0.805
1,13,6,19,0.805,0,1,7,0.006
1,13,6,19,0.805,1,7,20,-0.395
1,13,7,20,-0.395,1,6,19,0.805
1,13,6,19,0.805,1,7,20,-0.394
1,13,7,20,-0.394,1,6,19,0.805
1,13,1,7,0.106,0,1,4,0.605
1,13,1,4,0.605,0,1,7,0.106
1,13,1,4,0.605,1,6,15,-0.395
1,13,6,15,-0.395,1,1,4,0.605
1,13,1,4,0.605,0,4,1,0.056
1,13,4,1,0.056,0,1,4,0.605
1,13,6,15,-0.395,0,1,3,0.006
1,13,1,3,0.006,0,6,15,-0.395
1,13,6,15,-0.395,0,1,4,0.605
1,13,1,4,0.605,0,6,15,-0.395
1,13,1,3,0.006,0,1,3,0.256
1,13,1,3,0.256,0,1,3,0.006
1,13,1,3,0.006,0,4,1,0.056
1,13,4,1,0.056,0,1,3,0.006
1,13,1,3,0.006,0,4,1,0.056
1,13,4,1,0.056,0,1,3,0.006
1,13,1,3,0.256,0,7,24,-0.645
1,13,7,24,-0.645,0,1,3,0.256
1,13,7,24,-0.645,0,1,4,0.605
1,13,1,4,0.605,0,7,24,-0.645
1,13,1,4,0.605,1,7,26,-0.545
1,13,7,26,-0.545,1,1,4,0.605
1,13,6,15,-0.395,0,6,15,-0.395
1,13,6,15,-0.395,0,6,15,-0.395
1,13,1,3,0.256,0,4,1,0.106
1,13,4,1,0.106,0,1,3,0.256
1,13,1,3,0.256,0,4,1,0.106
1,13,4,1,0.106,0,1,3,0.256
0,14,1,8,-0.11,5,1,8,-0.11
0,14,1,8,-0.11,5,1,8,-0.11
0,14,1,8,-0.11,5,1,11,0.02
0,14,1,11,0.02,5,1,8,-0.11
0,14,1,11,0.02,5,1,11,0.02
0,14,1,11,0.02,5,1,11,0.02
0,14,1,11,0.02,5,1,8,-0.11
0,14,1,8,-0.11,5,1,11,0.02
0,14,1,8,-0.11,5,1,8,-0.11
0,14,1,8,-0.11,5,1,8,-0.11
0,14,1,8,-0.11,5,1,8,-0.11
0,14,1,8,-0.11,5,1,8,-0.11
0,14,1,8,-0.11,0,4,1,0.15
0,14,4,1,0.15,0,1,8,-0.11
0,14,1,8,-0.11,0,4,1,0.15
0,14,4,1,0.15,0,1,8,-0.11
0,14,1,11,0.02,5,1,8,-0.11
0,14,1,8,-0.11,5,1,11,0.02
0,14,1,8,-0.11,5,1,8,-0.11
0,14,1,8,-0.11,5,1,8,-0.11
0,14,1,8,-0.11,5,1,8,-0.11
0,14,1,8,-0.11,5,1,8,-0.11
0,14,1,8,-0.11,5,1,8,-0.11
0,14,1,8,-0.11,5,1,8,-0.11
0,14,1,8,-0.11,5,1,11,0.02
0,14,1,11,0.02,5,1,8,-0.11
0,14,1,8,-0.11,0,4,1,0.15
0,14,4,1,0.15,0,1,8,-0.11
0,14,1,8,-0.11,0,4,1,0.15
0,14,4,1,0.15,0,1,8,-0.11
0,14,1,8,-0.11,0,6,19,0.82
0,14,6,19,0.82,0,1,8,-0.11
0,14,1,8,-0.11,0,6,19,0.82
0,14,6,19,0.82,0,1,8,-0.11
0,14,1,8,-0.11,0,6,19,0.82
0,14,6,19,0.82,0,1,8,-0.11
0,14,1,8,-0.11,0,6,19,0.82
0,14,6,19,0.82,0,1,8,-0.11
0,14,6,19,0.82,1,7,20,-0.38
0,14,7,20,-0.38,1,6,19,0.82
0,14,6,19,0.82,1,7,20,-0.38
0,14,7,20,-0.38,1,6,19,0.82
0,14,6,19,0.82,1,7,20,-0.38
0,14,7,20,-0.38,1,6,19,0.82
0,14,6,19,0.82,1,7,20,-0.38
0,14,7,20,-0.38,1,6,19,0.82
0,14,6,19,0.82,1,7,20,-0.38
0,14,7,20,-0.38,1,6,19,0.82
0,14,6,19,0.82,1,7,20,-0.38
0,14,7,20,-0.38,1,6,19,0.82
0,14,6,19,0.82,1,7,20,-0.38
0,14,7,20,-0.38,1,6,19,0.82
0,14,6,19,0.82,1,7,20,-0.38
0,14,7,20,-0.38,1,6,19,0.82
0,15,1,8,-0.113,5,1,8,-0.113
0,15,1,8,-0.113,5,1,8,-0.113
0,15,1,8,-0.113,5,1,11,0.017
0,15,1,11,0.017,5,1,8,-0.113
0,15,1,11,0.017,5,1,11,-0.083
0,15,1,11,-0.083,5,1,11,0.017
0,15,1,11,-0.083,5,1,8,-0.113
0,15,1,8,-0.113,5,1,11,-0.083
0,15,1,8,-0.113,5,1,8,-0.113
0,15,1,8,-0.113,5,1,8,-0.113
0,15,1,8,-0.113,5,1,8,-0.113
0,15,1,8,-0.113,5,1,8,-0.113
0,15,1,8,-0.113,0,4,1,0.146
0,15,4,1,0.146,0,1,8,-0.113
0,15,1,8,-0.113,0,4,1,0.146
0,15,4,1,0.146,0,1,8,-0.113
0,15,1,8,-0.113,0,4,1,0.146
0,15,4,1,0.146,0,1,8,-0.113
0,15,1,8,-0.113,0,4,1,0.146
0,15,4,1,0.146,0,1,8,-0.113
0,15,1,11,0.017,5,1,8,-0.113
0,15,1,8,-0.113,5,1,11,0.017
0,15,1,8,-0.113,5,1,8,-0.113
0,15,1,8,-0.113,5,1,8,-0.113
0,15,1,8,-0.113,5,1,34,-0.083
0,15,1,34,-0.083,5,1,8,-0.113
0,15,1,34,-0.083,5,1,34,-0.083
0,15,1,34,-0.083,5,1,34,-0.083
0,15,1,34,-0.083,5,1,11,-0.083
0,15,1,11,-0.083,5,1,34,-0.083
0,15,1,8,-0.113,0,4,1,0.146
0,15,4,1,0.146,0,1,8,-0.113
0,15,1,34,-0.083,5,1,11,-0.083
0,15,1,11,-0.083,5,1,34,-0.083
0,15,1,11,-0.083,5,1,11,0.017
0,15,1,11,0.017,5,1,11,-0.083
0,15,1,11,0.017,5,1,8,-0.113
0,15,1,8,-0.113,5,1,11,0.017
0,15,1,8,-0.113,5,1,8,-0.113
0,15,1,8,-0.113,5,1,8,-0.113
0,15,1,8,-0.113,5,1,34,-0.083
0,15,1,34,-0.083,5,1,8,-0.113
0,15,1,8,-0.113,0,4,1,0.146
0,15,4,1,0.146,0,1,8,-0.113
0,15,1,8,-0.113,0,4,1,0.146
0,15,4,1,0.146,0,1,8,-0.113
0,15,1,11,-0.083,5,1,8,-0.113
0,15,1,8,-0.113,5,1,11,-0.083
0,15,1,8,-0.113,5,1,8,-0.113
0,15,1,8,-0.113,5,1,8,-0.113
0,15,1,8,-0.113,5,1,8,-0.113
0,15,1,8,-0.113,5,1,8,-0.113
0,15,1,8,-0.113,5,1,8,-0.113
0,15,1,8,-0.113,5,1,8,-0.113
0,15,1,8,-0.113,5,1,11,0.017
0,15,1,11,0.017,5,1,8,-0.113
0,15,1,8,-0.113,0,4,1,0.146
0,15,4,1,0.146,0,1,8,-0.113
0,15,1,8,-0.113,0,4,1,0.146
0,15,4,1,0.146,0,1,8,-0.113
0,15,1,8,-0.113,0,4,1,0.146
0,15,4,1,0.146,0,1,8,-0.113
0,15,1,8,-0.113,0,4,1,0.146
0,15,4,1,0.146,0,1,8,-0.113
0,15,1,8,-0.113,0,6,19,0.816
0,15,6,19,0.816,0,1,8,-0.113
0,15,6,19,0.816,1,7,20,-0.384
0,15,7,20,-0.384,1,6,19,0.816
0,15,6,19,0.816,1,7,20,-0.384
0,15,7,20,-0.384,1,6,19,0.816
0,16,1,8,-0.113,5,1,8,-0.113
0,16,1,8,-0.113,5,1,8,-0.113
0,16,1,8,-0.113,5,1,11,0.017
0,16,1,11,0.017,5,1,8,-0.113
0,16,1,11,0.017,5,1,11,-0.083
0,16,1,11,-0.083,5,1,11,0.017
0,16,1,11,-0.083,5,1,8,-0.113
0,16,1,8,-0.113,5,1,11,-0.083
0,16,1,8,-0.113,5,1,8,-0.113
0,16,1,8,-0.113,5,1,8,-0.113
0,16,1,8,-0.113,5,1,8,-0.113
0,16,1,8,-0.113,5,1,8,-0.113
0,16,1,8,-0.113,0,4,1,0.146
0,16,4,1,0.146,0,1,8,-0.113
0,16,1,8,-0.113,0,4,1,0.146
0,16,4,1,0.146,0,1,8,-0.113
0,16,1,8,-0.113,0,4,1,0.146
0,16,4,1,0.146,0,1,8,-0.113
0,16,1,8,-0.113,0,4,1,0.146
0,16,4,1,0.146,0,1,8,-0.113
0,16,1,11,0.017,5,1,8,-0.113
0,16,1,8,-0.113,5,1,11,0.017
0,16,1,8,-0.113,5,1,8,-0.113
0,16,1,8,-0.113,5,1,8,-0.113
0,16,1,8,-0.113,5,1,34,-0.083
0,16,1,34,-0.083,5,1,8,-0.113
0,16,1,34,-0.083,5,1,34,-0.083
0,16,1,34,-0.083,5,1,34,-0.083
0,16,1,34,-0.083,5,1,11,-0.083
0,16,1,11,-0.083,5,1,34,-0.083
0,16,1,8,-0.113,0,4,1,0.146
0,16,4,1,0.146,0,1,8,-0.113
0,16,1,34,-0.083,5,1,11,-0.083
0,16,1,11,-0.083,5,1,34,-0.083
0,16,1,11,-0.083,5,1,11,0.017
0,16,1,11,0.017,5,1,11,-0.083
0,16,1,11,0.017,5,1,8,-0.113
0,16,1,8,-0.113,5,1,11,0.017
0,16,1,8,-0.113,5,1,8,-0.113
0,16,1,8,-0.113,5,1,8,-0.113
0,16,1,8,-0.113,5,1,34,-0.083
0,16,1,34,-0.083,5,1,8,-0.113
0,16,1,8,-0.113,0,4,1,0.146
0,16,4,1,0.146,0,1,8,-0.113
0,16,1,8,-0.113,0,4,1,0.146
0,16,4,1,0.146,0,1,8,-0.113
0,16,1,11,-0.083,5,1,8,-0.113
0,16,1,8,-0.113,5,1,11,-0.083
0,16,1,8,-0.113,5,1,8,-0.113
0,16,1,8,-0.113,5,1,8,-0.113
0,16,1,8,-0.113,5,1,8,-0.113
0,16,1,8,-0.113,5,1,8,-0.113
0,16,1,8,-0.113,5,1,8,-0.113
0,16,1,8,-0.113,5,1,8,-0.113
0,16,1,8,-0.113,5,1,11,0.017
0,16,1,11,0.017,5,1,8,-0.113
0,16,1,8,-0.113,0,4,1,0.146
0,16,4,1,0.146,0,1,8,-0.113
0,16,1,8,-0.113,0,4,1,0.146
0,16,4,1,0.146,0,1,8,-0.113
0,16,1,8,-0.113,0,4,1,0.146
0,16,4,1,0.146,0,1,8,-0.113
0,16,1,8,-0.113,0,4,1,0.146
0,16,4,1,0.146,0,1,8,-0.113
0,16,1,8,-0.113,0,6,19,0.816
0,16,6,19,0.816,0,1,8,-0.113
0,16,6,19,0.816,1,7,20,-0.384
0,16,7,20,-0.384,1,6,19,0.816
0,16,6,19,0.816,1,7,20,-0.384
0,16,7,20,-0.384,1,6,19,0.816
0,17,1,8,-0.05,5,1,8,-0.05
0,17,1,8,-0.05,5,1,8,-0.05
0,17,1,8,-0.05,5,1,8,-0.05
0,17,1,8,-0.05,5,1,8,-0.05
0,17,1,8,-0.05,5,1,8,-0.05
0,17,1,8,-0.05,5,1,8,-0.05
0,17,1,8,-0.05,5,1,8,-0.05
0,17,1,8,-0.05,5,1,8,-0.05
0,17,1,8,-0.05,5,1,8,-0.05
0,17,1,8,-0.05,5,1,8,-0.05
0,17,1,8,-0.05,5,1,8,-0.05
0,17,1,8,-0.05,5,1,8,-0.05
0,17,1,8,-0.05,0,4,1,0.21
0,17,4,1,0.21,0,1,8,-0.05
0,17,1,8,-0.05,0,4,1,0.21
0,17,4,1,0.21,0,1,8,-0.05
0,17,1,8,-0.05,0,2,30,-0.12
0,17,2,30,-0.12,0,1,8,-0.05
0,17,1,8,-0.05,0,2,30,-0.12
0,17,2,30,-0.12,0,1,8,-0.05
0,17,1,8,-0.05,0,2,30,-0.12
0,17,2,30,-0.12,0,1,8,-0.05
0,17,1,8,-0.05,0,6,19,0.88
0,17,6,19,0.88,0,1,8,-0.05
0,17,6,19,0.88,1,7,20,-0.32
0,17,7,20,-0.32,1,6,19,0.88
0,17,6,19,0.88,1,7,20,-0.32
0,17,7,20,-0.32,1,6,19,0.88
0,18,1,8,-0.137,5,1,8,-0.137
0,18,1,8,-0.137,5,1,8,-0.137
0,18,1,8,-0.137,5,1,8,0.193
0,18,1,8,0.193,5,1,8,-0.137
0,18,1,8,0.193,5,1,13,-0.007
0,18,1,13,-0.007,5,1,8,0.193
0,18,1,13,-0.007,5,1,8,-0.137
0,18,1,8,-0.137,5,1,13,-0.007
0,18,1,8,-0.137,5,1,8,-0.137
0,18,1,8,-0.137,5,1,8,-0.137
0,18,1,8,-0.137,5,1,8,-0.137
0,18,1,8,-0.137,5,1,8,-0.137
0,18,1,8,-0.137,0,4,1,0.123
0,18,4,1,0.123,0,1,8,-0.137
0,18,1,8,-0.137,0,4,1,0.123
0,18,4,1,0.123,0,1,8,-0.137
0,18,1,8,-0.137,0,4,1,0.123
0,18,4,1,0.123,0,1,8,-0.137
0,18,1,8,-0.137,0,4,1,0.123
0,18,4,1,0.123,0,1,8,-0.137
0,18,1,8,0.193,5,1,8,-0.137
0,18,1,8,-0.137,5,1,8,0.193
0,18,1,8,-0.137,5,1,8,-0.137
0,18,1,8,-0.137,5,1,8,-0.137
0,18,1,8,-0.137,5,1,8,-0.137
0,18,1,8,-0.137,5,1,8,-0.137
0,18,1,8,-0.137,5,1,8,-0.137
0,18,1,8,-0.137,5,1,8,-0.137
0,18,1,8,-0.137,5,1,13,-0.007
0,18,1,13,-0.007,5,1,8,-0.137
0,18,1,13,-0.007,5,1,8,0.193
0,18,1,8,0.193,5,1,13,-0.007
0,18,1,8,-0.137,0,4,1,0.123
0,18,4,1,0.123,0,1,8,-0.137
0,18,1,8,-0.137,0,4,1,0.123
0,18,4,1,0.123,0,1,8,-0.137
0,18,1,13,-0.007,0,1,13,-0.007
0,18,1,13,-0.007,0,1,13,-0.007
0,18,1,8,0.193,0,6,15,-0.408
0,18,6,15,-0.408,0,1,8,0.193
0,18,6,15,-0.408,0,1,8,0.193
0,18,1,8,0.193,0,6,15,-0.408
0,18,6,15,-0.408,0,4,0,0.293
0,18,4,0,0.293,0,6,15,-0.408
0,18,1,8,-0.137,0,4,1,0.123
0,18,4,1,0.123,0,1,8,-0.137
0,18,1,8,-0.137,0,6,19,0.792
0,18,6,19,0.792,0,1,8,-0.137
0,18,6,19,0.792,1,7,20,-0.407
0,18,7,20,-0.407,1,6,19,0.792
0,18,6,19,0.792,1,7,20,-0.407
0,18,7,20,-0.407,1,6,19,0.792
0,19,1,8,-0.138,5,1,8,-0.138
0,19,1,8,-0.138,5,1,8,-0.138
0,19,1,8,-0.138,5,1,10,-0.048
0,19,1,10,-0.048,5,1,8,-0.138
0,19,1,10,-0.048,5,1,10,0.092
0,19,1,10,0.092,5,1,10,-0.048
0,19,1,10,0.092,5,1,8,-0.138
0,19,1,8,-0.138,5,1,10,0.092
0,19,1,8,-0.138,5,1,8,-0.138
0,19,1,8,-0.138,5,1,8,-0.138
0,19,1,8,-0.138,5,1,8,-0.138
0,19,1,8,-0.138,5,1,8,-0.138
0,19,1,10,-0.048,5,6,16,-0.367
0,19,6,16,-0.367,5,1,10,-0.048
0,19,6,16,-0.367,5,1,7,0.162
0,19,1,7,0.162,5,6,16,-0.367
0,19,1,10,0.092,5,1,7,-0.108
0,19,1,7,-0.108,5,1,10,0.092
0,19,1,7,-0.108,5,1,7,0.162
0,19,1,7,0.162,5,1,7,-0.108
0,19,1,8,-0.138,0,6,19,0.793
0,19,6,19,0.793,0,1,8,-0.138
0,19,6,19,0.793,1,7,20,-0.407
0,19,7,20,-0.407,1,6,19,0.793
0,19,6,19,0.793,1,7,20,-0.407
0,19,7,20,-0.407,1,6,19,0.793
0,19,1,8,-0.138,0,4,1,0.122
0,19,4,1,0.122,0,1,8,-0.138
0,19,1,8,-0.138,0,4,1,0.092
0,19,4,1,0.092,0,1,8,-0.138
0,19,1,8,-0.138,0,4,1,0.122
0,19,4,1,0.122,0,1,8,-0.138
0,19,1,7,0.162,0,4,1,0.122
0,19,4,1,0.122,0,1,7,0.162
0,19,1,7,-0.108,0,4,1,0.092
0,19,4,1,0.092,0,1,7,-0.108
0,19,6,16,-0.367,0,4,0,0.292
0,19,4,0,0.292,0,6,16,-0.367
0,20,1,8,-0.121,5,1,8,-0.121
0,20,1,8,-0.121,5,1,8,-0.121
0,20,1,8,-0.121,5,1,8,0.31
0,20,1,8,0.31,5,1,8,-0.121
0,20,1,8,0.31,5,1,8,-0.121
0,20,1,8,-0.121,5,1,8,0.31
0,20,1,8,-0.121,5,1,8,-0.121
0,20,1,8,-0.121,5,1,8,-0.121
0,20,1,8,-0.121,5,1,8,-0.121
0,20,1,8,-0.121,5,1,8,-0.121
0,20,1,8,-0.121,5,1,8,-0.121
0,20,1,8,-0.121,5,1,8,-0.121
0,20,1,8,-0.121,0,4,1,0.139
0,20,4,1,0.139,0,1,8,-0.121
0,20,1,8,-0.121,0,4,1,0.139
0,20,4,1,0.139,0,1,8,-0.121
0,20,1,8,-0.121,0,4,1,0.139
0,20,4,1,0.139,0,1,8,-0.121
0,20,1,8,-0.121,0,6,19,0.81
0,20,6,19,0.81,0,1,8,-0.121
0,20,6,19,0.81,1,7,20,-0.39
0,20,7,20,-0.39,1,6,19,0.81
0,20,6,19,0.81,1,7,20,-0.39
0,20,7,20,-0.39,1,6,19,0.81
0,20,1,8,-0.121,0,4,1,0.139
0,20,4,1,0.139,0,1,8,-0.121
0,20,1,8,0.31,0,3,29,-0.291
0,20,3,29,-0.291,0,1,8,0.31
0,21,1,8,-0.114,5,1,8,-0.114
0,21,1,8,-0.114,5,1,8,-0.114
0,21,1,8,-0.114,5,1,8,-0.114
0,21,1,8,-0.114,5,1,8,-0.114
0,21,1,8,-0.114,5,1,8,-0.114
0,21,1,8,-0.114,5,1,8,-0.114
0,21,1,8,-0.114,5,1,8,-0.114
0,21,1,8,-0.114,5,1,8,-0.114
0,21,1,8,-0.114,5,1,8,-0.114
0,21,1,8,-0.114,5,1,8,-0.114
0,21,1,8,-0.114,5,1,8,-0.114
0,21,1,8,-0.114,5,1,8,-0.114
0,21,1,8,-0.114,0,4,1,0.146
0,21,4,1,0.146,0,1,8,-0.114
0,21,1,8,-0.114,0,4,1,0.146
0,21,4,1,0.146,0,1,8,-0.114
0,21,1,8,-0.114,0,4,1,0.146
0,21,4,1,0.146,0,1,8,-0.114
0,21,1,8,-0.114,0,6,19,0.817
0,21,6,19,0.817,0,1,8,-0.114
0,21,6,19,0.817,1,7,20,-0.384
0,21,7,20,-0.384,1,6,19,0.817
0,21,6,19,0.817,1,7,20,-0.384
0,21,7,20,-0.384,1,6,19,0.817
0,21,1,8,-0.114,0,4,1,0.146
0,21,4,1,0.146,0,1,8,-0.114
0,21,1,8,-0.114,0,6,19,0.817
0,21,6,19,0.817,0,1,8,-0.114
0,21,6,19,0.817,1,7,20,-0.383
0,21,7,20,-0.383,1,6,19,0.817
0,21,6,19,0.817,1,7,20,-0.383
0,21,7,20,-0.383,1,6,19,0.817
0,22,1,8,-0.097,5,1,8,-0.097
0,22,1,8,-0.097,5,1,8,-0.097
0,22,1,8,-0.097,5,1,8,-0.097
0,22,1,8,-0.097,5,1,8,-0.097
0,22,1,8,-0.097,5,1,8,-0.097
0,22,1,8,-0.097,5,1,8,-0.097
0,22,1,8,-0.097,5,1,8,-0.097
0,22,1,8,-0.097,5,1,8,-0.097
0,22,1,8,-0.097,5,1,8,-0.097
0,22,1,8,-0.097,5,1,8,-0.097
0,22,1,8,-0.097,5,1,8,-0.097
0,22,1,8,-0.097,5,1,8,-0.097
0,22,1,8,-0.097,0,4,1,0.163
0,22,4,1,0.163,0,1,8,-0.097
0,22,1,8,-0.097,0,4,1,0.163
0,22,4,1,0.163,0,1,8,-0.097
0,22,1,8,-0.097,0,4,1,0.163
0,22,4,1,0.163,0,1,8,-0.097
0,22,1,8,-0.097,0,6,19,0.832
0,22,6,19,0.832,0,1,8,-0.097
0,22,6,19,0.832,1,7,20,-0.368
0,22,7,20,-0.368,1,6,19,0.832
0,22,6,19,0.832,1,7,20,-0.367
0,22,7,20,-0.367,1,6,19,0.832
0,22,1,8,-0.097,0,4,1,0.163
0,22,4,1,0.163,0,1,8,-0.097
0,22,2,30,-0.167,0,1,8,-0.097
0,22,1,8,-0.097,0,2,30,-0.167
0,23,1,8,-0.097,5,1,8,-0.097
0,23,1,8,-0.097,5,1,8,-0.097
0,23,1,8,-0.097,5,1,8,-0.097
0,23,1,8,-0.097,5,1,8,-0.097
0,23,1,8,-0.097,5,1,8,-0.097
0,23,1,8,-0.097,5,1,8,-0.097
0,23,1,8,-0.097,5,1,8,-0.097
0,23,1,8,-0.097,5,1,8,-0.097
0,23,1,8,-0.097,5,1,8,-0.097
0,23,1,8,-0.097,5,1,8,-0.097
0,23,1,8,-0.097,5,1,8,-0.097
0,23,1,8,-0.097,5,1,8,-0.097
0,23,1,8,-0.097,0,4,1,0.163
0,23,4,1,0.163,0,1,8,-0.097
0,23,1,8,-0.097,0,4,1,0.163
0,23,4,1,0.163,0,1,8,-0.097
0,23,1,8,-0.097,0,6,19,0.832
0,23,6,19,0.832,0,1,8,-0.097
0,23,6,19,0.832,1,7,20,-0.367
0,23,7,20,-0.367,1,6,19,0.832
0,23,6,19,0.832,1,7,20,-0.368
0,23,7,20,-0.368,1,6,19,0.832
0,23,1,8,-0.097,0,4,1,0.163
0,23,4,1,0.163,0,1,8,-0.097
0,23,1,8,-0.097,0,2,30,-0.167
0,23,2,30,-0.167,0,1,8,-0.097
0,23,1,8,-0.097,0,4,1,0.163
0,23,4,1,0.163,0,1,8,-0.097
0,24,1,8,-0.12,5,1,8,-0.12
0,24,1,8,-0.12,5,1,8,-0.12
0,24,1,8,-0.12,5,1,11,0.01
0,24,1,11,0.01,5,1,8,-0.12
0,24,1,11,0.01,5,1,11,0.01
0,24,1,11,0.01,5,1,11,0.01
0,24,1,11,0.01,5,1,8,-0.12
0,24,1,8,-0.12,5,1,11,0.01
0,24,1,8,-0.12,5,1,8,-0.12
0,24,1,8,-0.12,5,1,8,-0.12
0,24,1,8,-0.12,5,1,8,-0.12
0,24,1,8,-0.12,5,1,8,-0.12
0,24,1,8,-0.12,0,4,1,0.141
0,24,4,1,0.141,0,1,8,-0.12
0,24,1,8,-0.12,0,4,1,0.141
0,24,4,1,0.141,0,1,8,-0.12
0,24,1,8,-0.12,0,4,1,0.141
0,24,4,1,0.141,0,1,8,-0.12
0,24,1,8,-0.12,0,4,1,0.141
0,24,4,1,0.141,0,1,8,-0.12
0,24,1,11,0.01,5,1,8,-0.12
0,24,1,8,-0.12,5,1,11,0.01
0,24,1,8,-0.12,5,1,11,0.01
0,24,1,11,0.01,5,1,8,-0.12
0,24,1,11,0.01,5,1,34,-0.09
0,24,1,34,-0.09,5,1,11,0.01
0,24,1,34,-0.09,5,1,8,-0.12
0,24,1,8,-0.12,5,1,34,-0.09
0,24,1,8,-0.12,5,1,11,0.01
0,24,1,11,0.01,5,1,8,-0.12
0,24,1,8,-0.12,0,4,1,0.141
0,24,4,1,0.141,0,1,8,-0.12
0,24,1,11,0.01,5,1,8,-0.12
0,24,1,8,-0.12,5,1,11,0.01
0,24,1,8,-0.12,5,1,8,-0.12
0,24,1,8,-0.12,5,1,8,-0.12
0,24,1,8,-0.12,5,1,11,0.01
0,24,1,11,0.01,5,1,8,-0.12
0,24,1,11,0.01,5,1,34,-0.09
0,24,1,34,-0.09,5,1,11,0.01
0,24,1,34,-0.09,5,1,34,-0.09
0,24,1,34,-0.09,5,1,34,-0.09
0,24,1,8,-0.12,0,4,1,0.14
0,24,4,1,0.14,0,1,8,-0.12
0,24,1,8,-0.12,0,4,1,0.141
0,24,4,1,0.141,0,1,8,-0.12
0,24,1,11,0.01,5,1,8,-0.12
0,24,1,8,-0.12,5,1,11,0.01
0,24,1,8,-0.12,5,1,8,-0.12
0,24,1,8,-0.12,5,1,8,-0.12
0,24,1,8,-0.12,5,1,8,-0.12
0,24,1,8,-0.12,5,1,8,-0.12
0,24,1,8,-0.12,5,1,8,-0.12
0,24,1,8,-0.12,5,1,8,-0.12
0,24,1,8,-0.12,5,1,34,-0.09
0,24,1,34,-0.09,5,1,8,-0.12
0,24,1,8,-0.12,0,4,1,0.14
0,24,4,1,0.14,0,1,8,-0.12
0,24,1,8,-0.12,0,4,1,0.14
0,24,4,1,0.14,0,1,8,-0.12
0,24,1,8,-0.12,0,4,1,0.14
0,24,4,1,0.14,0,1,8,-0.12
0,24,1,8,-0.12,0,4,1,0.141
0,24,4,1,0.141,0,1,8,-0.12
0,24,1,8,-0.12,0,6,19,0.811
0,24,6,19,0.811,0,1,8,-0.12
0,24,6,19,0.811,1,7,20,-0.389
0,24,7,20,-0.389,1,6,19,0.811
0,24,6,19,0.811,1,7,20,-0.389
0,24,7,20,-0.389,1,6,19,0.811
0,25,1,8,-0.074,5,1,8,-0.074
0,25,1,8,-0.074,5,1,8,-0.074
0,25,1,8,-0.074,5,1,8,-0.074
0,25,1,8,-0.074,5,1,8,-0.074
0,25,1,8,-0.074,5,1,8,-0.074
0,25,1,8,-0.074,5,1,8,-0.074
0,25,1,8,-0.074,5,1,8,-0.074
0,25,1,8,-0.074,5,1,8,-0.074
0,25,1,8,-0.074,5,1,8,-0.074
0,25,1,8,-0.074,5,1,8,-0.074
0,25,1,8,-0.074,5,1,8,-0.074
0,25,1,8,-0.074,5,1,8,-0.074
0,25,1,8,-0.074,0,4,1,0.187
0,25,4,1,0.187,0,1,8,-0.074
0,25,1,8,-0.074,0,4,1,0.187
0,25,4,1,0.187,0,1,8,-0.074
0,25,1,8,-0.074,0,6,19,0.857
0,25,6,19,0.857,0,1,8,-0.074
0,25,6,19,0.857,1,7,20,-0.343
0,25,7,20,-0.343,1,6,19,0.857
0,25,6,19,0.857,1,7,20,-0.343
0,25,7,20,-0.343,1,6,19,0.857
0,25,1,8,-0.074,0,2,30,-0.144
0,25,2,30,-0.144,0,1,8,-0.074
0,25,1,8,-0.074,0,4,1,0.187
0,25,4,1,0.187,0,1,8,-0.074
0,25,1,8,-0.074,0,2,30,-0.144
0,25,2,30,-0.144,0,1,8,-0.074
0,26,1,8,-0.125,5,1,8,-0.125
0,26,1,8,-0.125,5,1,8,-0.125
0,26,1,8,-0.125,5,1,11,0.005
0,26,1,11,0.005,5,1,8,-0.125
0,26,1,11,0.005,5,1,11,0.005
0,26,1,11,0.005,5,1,11,0.005
0,26,1,11,0.005,5,1,8,-0.125
0,26,1,8,-0.125,5,1,11,0.005
0,26,1,8,-0.125,5,1,8,-0.125
0,26,1,8,-0.125,5,1,8,-0.125
0,26,1,8,-0.125,5,1,8,-0.125
0,26,1,8,-0.125,5,1,8,-0.125
0,26,1,8,-0.125,0,4,1,0.135
0,26,4,1,0.135,0,1,8,-0.125
0,26,1,8,-0.125,0,4,1,0.135
0,26,4,1,0.135,0,1,8,-0.125
0,26,1,8,-0.125,0,4,1,0.135
0,26,4,1,0.135,0,1,8,-0.125
0,26,1,8,-0.125,0,4,1,0.135
0,26,4,1,0.135,0,1,8,-0.125
0,26,1,11,0.005,5,1,8,-0.125
0,26,1,8,-0.125,5,1,11,0.005
0,26,1,8,-0.125,5,1,11,0.005
0,26,1,11,0.005,5,1,8,-0.125
0,26,1,11,0.005,5,1,11,0.005
0,26,1,11,0.005,5,1,11,0.005
0,26,1,11,0.005,5,1,8,-0.125
0,26,1,8,-0.125,5,1,11,0.005
0,26,1,8,-0.125,5,1,11,0.005
0,26,1,11,0.005,5,1,8,-0.125
0,26,1,8,-0.125,0,4,1,0.135
0,26,4,1,0.135,0,1,8,-0.125
0,26,1,11,0.005,5,1,8,-0.125
0,26,1,8,-0.125,5,1,11,0.005
0,26,1,8,-0.125,5,1,8,-0.125
0,26,1,8,-0.125,5,1,8,-0.125
0,26,1,8,-0.125,5,1,8,-0.125
0,26,1,8,-0.125,5,1,8,-0.125
0,26,1,8,-0.125,5,1,8,-0.125
0,26,1,8,-0.125,5,1,8,-0.125
0,26,1,8,-0.125,5,1,11,0.005
0,26,1,11,0.005,5,1,8,-0.125
0,26,1,8,-0.125,0,4,1,0.135
0,26,4,1,0.135,0,1,8,-0.125
0,26,1,8,-0.125,0,4,1,0.135
0,26,4,1,0.135,0,1,8,-0.125
0,26,1,8,-0.125,0,4,1,0.135
0,26,4,1,0.135,0,1,8,-0.125
0,26,1,8,-0.125,0,4,1,0.135
0,26,4,1,0.135,0,1,8,-0.125
0,26,1,8,-0.125,0,6,19,0.805
0,26,6,19,0.805,0,1,8,-0.125
0,26,6,19,0.805,1,7,20,-0.395
0,26,7,20,-0.395,1,6,19,0.805
0,26,6,19,0.805,1,7,20,-0.395
0,26,7,20,-0.395,1,6,19,0.805
0,27,1,8,-0.074,5,1,8,-0.074
0,27,1,8,-0.074,5,1,8,-0.074
0,27,1,8,-0.074,5,1,8,-0.074
0,27,1,8,-0.074,5,1,8,-0.074
0,27,1,8,-0.074,5,1,8,-0.074
0,27,1,8,-0.074,5,1,8,-0.074
0,27,1,8,-0.074,5,1,8,-0.074
0,27,1,8,-0.074,5,1,8,-0.074
0,27,1,8,-0.074,5,1,8,-0.074
0,27,1,8,-0.074,5,1,8,-0.074
0,27,1,8,-0.074,5,1,8,-0.074
0,27,1,8,-0.074,5,1,8,-0.074
0,27,1,8,-0.074,0,4,1,0.187
0,27,4,1,0.187,0,1,8,-0.074
0,27,1,8,-0.074,0,4,1,0.187
0,27,4,1,0.187,0,1,8,-0.074
0,27,1,8,-0.074,0,6,19,0.857
0,27,6,19,0.857,0,1,8,-0.074
0,27,6,19,0.857,1,7,20,-0.343
0,27,7,20,-0.343,1,6,19,0.857
0,27,6,19,0.857,1,7,20,-0.343
0,27,7,20,-0.343,1,6,19,0.857
0,27,1,8,-0.074,0,2,30,-0.144
0,27,2,30,-0.144,0,1,8,-0.074
0,27,1,8,-0.074,0,4,1,0.187
0,27,4,1,0.187,0,1,8,-0.074
0,27,1,8,-0.074,0,2,30,-0.144
0,27,2,30,-0.144,0,1,8,-0.074
0,28,1,8,-0.108,5,1,8,-0.108
0,28,1,8,-0.108,5,1,8,-0.108
0,28,1,8,-0.108,5,1,11,0.022
0,28,1,11,0.022,5,1,8,-0.108
0,28,1,11,0.022,5,1,11,0.022
0,28,1,11,0.022,5,1,11,0.022
0,28,1,11,0.022,5,1,8,-0.108
0,28,1,8,-0.108,5,1,11,0.022
0,28,1,8,-0.108,5,1,8,-0.108
0,28,1,8,-0.108,5,1,8,-0.108
0,28,1,8,-0.108,5,1,8,-0.108
0,28,1,8,-0.108,5,1,8,-0.108
0,28,1,11,0.022,5,1,8,-0.108
0,28,1,8,-0.108,5,1,11,0.022
0,28,1,8,-0.108,5,1,8,0.122
0,28,1,8,0.122,5,1,8,-0.108
0,28,1,8,0.122,5,1,8,-0.108
0,28,1,8,-0.108,5,1,8,0.122
0,28,1,8,-0.108,5,1,8,-0.108
0,28,1,8,-0.108,5,1,8,-0.108
0,28,1,8,-0.108,5,1,11,0.022
0,28,1,11,0.022,5,1,8,-0.108
0,28,1,8,0.122,0,1,5,-0.178
0,28,1,5,-0.178,0,1,8,0.122
0,28,1,5,-0.178,1,1,5,-0.178
0,28,1,5,-0.178,1,1,5,-0.178
0,28,1,5,-0.178,0,1,3,0.122
0,28,1,3,0.122,0,1,5,-0.178
0,28,1,3,0.122,0,1,3,0.022
0,28,1,3,0.022,0,1,3,0.122
0,28,1,3,0.022,0,1,8,-0.108
0,28,1,8,-0.108,0,1,3,0.022
0,28,1,8,-0.108,0,6,19,0.822
0,28,6,19,0.822,0,1,8,-0.108
0,28,6,19,0.822,1,7,20,-0.378
0,28,7,20,-0.378,1,6,19,0.822
0,28,6,19,0.822,1,7,20,-0.378
0,28,7,20,-0.378,1,6,19,0.822
0,28,1,8,-0.108,0,4,1,0.152
0,28,4,1,0.152,0,1,8,-0.108
0,28,1,8,-0.108,0,4,1,0.152
0,28,4,1,0.152,0,1,8,-0.108
0,28,1,8,-0.108,0,4,1,0.152
0,28,4,1,0.152,0,1,8,-0.108
0,28,1,8,-0.108,0,4,1,0.152
0,28,4,1,0.152,0,1,8,-0.108
0,28,1,8,-0.108,0,4,1,0.152
0,28,4,1,0.152,0,1,8,-0.108
0,28,1,5,-0.178,0,4,1,0.122
0,28,4,1,0.122,0,1,5,-0.178
0,28,1,5,-0.178,0,4,1,0.122
0,28,4,1,0.122,0,1,5,-0.178
0,28,1,3,0.022,4,7,23,-0.628
0,28,7,23,-0.628,4,1,3,0.022
0,28,1,3,0.022,0,4,1,0.072
0,28,4,1,0.072,0,1,3,0.022
0,28,1,3,0.122,3,7,23,-0.628
0,28,7,23,-0.628,3,1,3,0.122
0,28,1,3,0.122,0,4,1,0.072
0,28,4,1,0.072,0,1,3,0.122
0,28,7,23,-0.628,0,4,2,0.422
0,28,4,2,0.422,0,7,23,-0.628
0,28,7,23,-0.628,0,4,2,0.422
0,28,4,2,0.422,0,7,23,-0.628
0,29,1,8,-0.108,5,1,8,-0.108
0,29,1,8,-0.108,5,1,8,-0.108
0,29,1,8,-0.108,5,1,11,0.022
0,29,1,11,0.022,5,1,8,-0.108
0,29,1,11,0.022,5,1,11,0.022
0,29,1,11,0.022,5,1,11,0.022
0,29,1,11,0.022,5,1,8,-0.108
0,29,1,8,-0.108,5,1,11,0.022
0,29,1,8,-0.108,5,1,8,-0.108
0,29,1,8,-0.108,5,1,8,-0.108
0,29,1,8,-0.108,5,1,8,-0.108
0,29,1,8,-0.108,5,1,8,-0.108
0,29,1,11,0.022,5,1,8,-0.108
0,29,1,8,-0.108,5,1,11,0.022
0,29,1,8,-0.108,5,1,8,-0.108
0,29,1,8,-0.108,5,1,8,-0.108
0,29,1,8,-0.108,5,1,8,0.122
0,29,1,8,0.122,5,1,8,-0.108
0,29,1,8,0.122,5,1,8,-0.108
0,29,1,8,-0.108,5,1,8,0.122
0,29,1,8,-0.108,5,1,11,0.022
0,29,1,11,0.022,5,1,8,-0.108
0,29,1,8,-0.108,0,1,3,0.022
0,29,1,3,0.022,0,1,8,-0.108
0,29,1,3,0.022,0,1,3,0.122
0,29,1,3,0.122,0,1,3,0.022
0,29,1,3,0.122,0,1,5,-0.178
0,29,1,5,-0.178,0,1,3,0.122
0,29,1,5,-0.178,1,1,5,-0.178
0,29,1,5,-0.178,1,1,5,-0.178
0,29,1,5,-0.178,0,1,8,0.122
0,29,1,8,0.122,0,1,5,-0.178
0,29,1,8,-0.108,0,6,19,0.822
0,29,6,19,0.822,0,1,8,-0.108
0,29,6,19,0.822,1,7,20,-0.378
0,29,7,20,-0.378,1,6,19,0.822
0,29,6,19,0.822,1,7,20,-0.378
0,29,7,20,-0.378,1,6,19,0.822
0,29,1,8,-0.108,0,4,1,0.152
0,29,4,1,0.152,0,1,8,-0.108
0,29,1,8,-0.108,0,4,1,0.152
0,29,4,1,0.152,0,1,8,-0.108
0,29,1,8,-0.108,0,4,1,0.152
0,29,4,1,0.152,0,1,8,-0.108
0,29,1,8,-0.108,0,4,1,0.152
0,29,4,1,0.152,0,1,8,-0.108
0,29,1,8,-0.108,0,4,1,0.152
0,29,4,1,0.152,0,1,8,-0.108
0,29,1,5,-0.178,0,4,1,0.122
0,29,4,1,0.122,0,1,5,-0.178
0,29,1,5,-0.178,0,4,1,0.122
0,29,4,1,0.122,0,1,5,-0.178
0,29,1,3,0.122,4,7,23,-0.628
0,29,7,23,-0.628,4,1,3,0.122
0,29,1,3,0.122,0,4,1,0.072
0,29,4,1,0.072,0,1,3,0.122
0,29,1,3,0.022,3,7,23,-0.628
0,29,7,23,-0.628,3,1,3,0.022
0,29,1,3,0.022,0,4,1,0.072
0,29,4,1,0.072,0,1,3,0.022
0,29,7,23,-0.628,0,4,2,0.422
0,29,4,2,0.422,0,7,23,-0.628
0,29,7,23,-0.628,0,4,2,0.422
0,29,4,2,0.422,0,7,23,-0.628
0,30,1,3,-0.091,0,1,3,-0.091
0,30,1,3,-0.091,0,1,3,-0.091
0,30,1,3,-0.091,0,1,8,0.009
0,30,1,8,0.009,0,1,3,-0.091
0,30,1,8,0.009,5,1,8,0.009
0,30,1,8,0.009,5,1,8,0.009
0,30,1,8,0.009,0,1,3,-0.091
0,30,1,3,-0.091,0,1,8,0.009
0,30,1,3,-0.091,0,1,3,-0.091
0,30,1,3,-0.091,0,1,3,-0.091
0,30,1,3,-0.091,0,1,3,-0.091
0,30,1,3,-0.091,0,1,3,-0.091
0,30,1,8,0.009,5,1,8,-0.122
0,30,1,8,-0.122,5,1,8,0.009
0,30,1,8,-0.122,5,1,11,0.009
0,30,1,11,0.009,5,1,8,-0.122
0,30,1,11,0.009,5,1,11,-0.091
0,30,1,11,-0.091,5,1,11,0.009
0,30,1,11,-0.091,5,1,11,0.009
0,30,1,11,0.009,5,1,11,-0.091
0,30,1,11,0.009,5,1,8,0.009
0,30,1,8,0.009,5,1,11,0.009
0,30,1,11,0.009,5,1,8,-0.121
0,30,1,8,-0.121,5,1,11,0.009
0,30,1,8,-0.121,5,1,8,-0.122
0,30,1,8,-0.122,5,1,8,-0.121
0,30,1,8,-0.122,5,1,11,0.009
0,30,1,11,0.009,5,1,8,-0.122
0,30,1,11,0.009,5,1,11,-0.091
0,30,1,11,-0.091,5,1,11,0.009
0,30,1,11,-0.091,5,1,11,-0.091
0,30,1,11,-0.091,5,1,11,-0.091
0,30,1,11,-0.091,5,1,11,0.009
0,30,1,11,0.009,5,1,11,-0.091
0,30,1,11,0.009,5,1,8,-0.121
0,30,1,8,-0.121,5,1,11,0.009
0,30,1,8,-0.121,5,1,8,-0.121
0,30,1,8,-0.121,5,1,8,-0.121
0,30,1,8,-0.121,5,1,11,0.009
0,30,1,11,0.009,5,1,8,-0.121
0,30,1,11,0.009,5,1,8,-0.121
0,30,1,8,-0.121,5,1,11,0.009
0,30,1,8,-0.121,5,1,8,-0.121
0,30,1,8,-0.121,5,1,8,-0.121
0,30,1,8,-0.121,5,1,8,-0.121
0,30,1,8,-0.121,5,1,8,-0.121
0,30,1,8,-0.121,5,1,11,0.009
0,30,1,11,0.009,5,1,8,-0.121
0,30,1,8,-0.122,0,6,19,0.808
0,30,6,19,0.808,0,1,8,-0.122
0,30,6,19,0.808,1,7,20,-0.392
0,30,7,20,-0.392,1,6,19,0.808
0,30,6,19,0.808,1,7,20,-0.392
0,30,7,20,-0.392,1,6,19,0.808
0,30,1,3,-0.091,0,4,1,0.059
0,30,4,1,0.059,0,1,3,-0.091
0,30,1,3,-0.091,0,4,1,0.059
0,30,4,1,0.059,0,1,3,-0.091
0,30,1,3,-0.091,0,4,1,0.059
0,30,4,1,0.059,0,1,3,-0.091
0,30,1,3,-0.091,0,4,1,0.059
0,30,4,1,0.059,0,1,3,-0.091
0,30,1,8,-0.121,0,4,1,0.138
0,30,4,1,0.138,0,1,8,-0.121
0,30,1,8,-0.122,0,4,1,0.138
0,30,4,1,0.138,0,1,8,-0.122
0,30,1,8,-0.121,0,4,1,0.138
0,30,4,1,0.138,0,1,8,-0.121
0,30,1,8,-0.121,0,4,1,0.138
0,30,4,1,0.138,0,1,8,-0.121
0,30,1,8,-0.121,0,4,1,0.138
0,30,4,1,0.138,0,1,8,-0.121
0,30,1,8,-0.121,0,4,1,0.138
0,30,4,1,0.138,0,1,8,-0.121
0,30,1,8,-0.121,0,4,1,0.138
0,30,4,1,0.138,0,1,8,-0.121
0,30,1,3,-0.091,0,4,1,0.059
0,30,4,1,0.059,0,1,3,-0.091
0,30,1,3,-0.091,0,4,1,0.059
0,30,4,1,0.059,0,1,3,-0.091
0,30,1,3,-0.091,0,4,1,0.059
0,30,4,1,0.059,0,1,3,-0.091
0,30,1,3,-0.091,0,4,1,0.059
0,30,4,1,0.059,0,1,3,-0.091
0,31,1,3,0.124,0,1,3,0.024
0,31,1,3,0.024,0,1,3,0.124
0,31,1,3,0.024,0,1,8,-0.106
0,31,1,8,-0.106,0,1,3,0.024
0,31,1,8,-0.106,5,1,8,0.124
0,31,1,8,0.124,5,1,8,-0.106
0,31,1,8,0.124,0,1,5,-0.176
0,31,1,5,-0.176,0,1,8,0.124
0,31,1,5,-0.176,1,1,5,-0.176
0,31,1,5,-0.176,1,1,5,-0.176
0,31,1,5,-0.176,0,1,3,0.124
0,31,1,3,0.124,0,1,5,-0.176
0,31,1,8,-0.106,5,1,8,-0.106
0,31,1,8,-0.106,5,1,8,-0.106
0,31,1,8,-0.106,5,1,11,0.024
0,31,1,11,0.024,5,1,8,-0.106
0,31,1,11,0.024,5,1,34,-0.076
0,31,1,34,-0.076,5,1,11,0.024
0,31,1,34,-0.076,5,1,8,-0.106
0,31,1,8,-0.106,5,1,34,-0.076
0,31,1,8,-0.106,5,1,8,0.124
0,31,1,8,0.124,5,1,8,-0.106
0,31,1,11,0.024,5,1,8,-0.106
0,31,1,8,-0.106,5,1,11,0.024
0,31,1,8,-0.106,5,1,8,-0.106
0,31,1,8,-0.106,5,1,8,-0.106
0,31,1,8,-0.106,5,1,11,0.024
0,31,1,11,0.024,5,1,8,-0.106
0,31,1,11,0.024,5,1,34,-0.076
0,31,1,34,-0.076,5,1,11,0.024
0,31,1,34,-0.076,5,1,34,-0.076
0,31,1,34,-0.076,5,1,34,-0.076
0,31,1,11,0.024,5,1,8,-0.106
0,31,1,8,-0.106,5,1,11,0.024
0,31,1,8,-0.106,5,1,8,-0.106
0,31,1,8,-0.106,5,1,8,-0.106
0,31,1,8,-0.106,5,1,8,-0.106
0,31,1,8,-0.106,5,1,8,-0.106
0,31,1,8,-0.106,5,1,8,-0.106
0,31,1,8,-0.106,5,1,8,-0.106
0,31,1,8,-0.106,5,1,34,-0.076
0,31,1,34,-0.076,5,1,8,-0.106
0,31,1,8,-0.106,0,6,19,0.823
0,31,6,19,0.823,0,1,8,-0.106
0,31,6,19,0.823,1,7,20,-0.376
0,31,7,20,-0.376,1,6,19,0.823
0,31,6,19,0.823,1,7,20,-0.376
0,31,7,20,-0.376,1,6,19,0.823
0,31,1,8,-0.106,0,4,1,0.154
0,31,4,1,0.154,0,1,8,-0.106
0,31,1,8,-0.106,0,4,1,0.154
0,31,4,1,0.154,0,1,8,-0.106
0,31,1,8,-0.106,0,4,1,0.154
0,31,4,1,0.154,0,1,8,-0.106
0,31,1,8,-0.106,0,4,1,0.154
0,31,4,1,0.154,0,1,8,-0.106
0,31,1,8,-0.106,0,4,1,0.154
0,31,4,1,0.154,0,1,8,-0.106
0,31,1,8,-0.106,0,4,1,0.154
0,31,4,1,0.154,0,1,8,-0.106
0,31,1,8,-0.106,0,4,1,0.154
0,31,4,1,0.154,0,1,8,-0.106
0,31,1,5,-0.176,0,4,1,0.124
0,31,4,1,0.124,0,1,5,-0.176
0,31,1,5,-0.176,0,4,1,0.124
0,31,4,1,0.124,0,1,5,-0.176
0,31,1,3,0.124,4,7,23,-0.627
0,31,7,23,-0.627,4,1,3,0.124
0,31,1,3,0.124,0,4,1,0.074
0,31,4,1,0.074,0,1,3,0.124
0,31,1,3,0.024,3,7,23,-0.627
0,31,7,23,-0.627,3,1,3,0.024
0,31,1,3,0.024,0,4,1,0.074
0,31,4,1,0.074,0,1,3,0.024
0,31,7,23,-0.627,0,4,2,0.423
0,31,4,2,0.423,0,7,23,-0.627
0,31,7,23,-0.627,0,4,2,0.424
0,31,4,2,0.424,0,7,23,-0.627
0,32,1,8,-0.112,5,1,8,-0.112
0,32,1,8,-0.112,5,1,8,-0.112
0,32,1,8,-0.112,5,1,11,0.018
0,32,1,11,0.018,5,1,8,-0.112
0,32,1,11,0.018,5,1,11,0.018
0,32,1,11,0.018,5,1,11,0.018
0,32,1,11,0.018,5,1,8,-0.112
0,32,1,8,-0.112,5,1,11,0.018
0,32,1,8,-0.112,5,1,8,-0.112
0,32,1,8,-0.112,5,1,8,-0.112
0,32,1,8,-0.112,5,1,8,-0.112
0,32,1,8,-0.112,5,1,8,-0.112
0,32,1,11,0.018,5,1,8,-0.112
0,32,1,8,-0.112,5,1,11,0.018
0,32,1,8,-0.112,5,1,11,0.018
0,32,1,11,0.018,5,1,8,-0.112
0,32,1,11,0.018,5,1,11,0.018
0,32,1,11,0.018,5,1,11,0.018
0,32,1,11,0.018,5,1,8,-0.112
0,32,1,8,-0.112,5,1,11,0.018
0,32,1,8,-0.112,5,1,11,0.018
0,32,1,11,0.018,5,1,8,-0.112
0,32,1,11,0.018,5,1,8,-0.112
0,32,1,8,-0.112,5,1,11,0.018
0,32,1,8,-0.112,5,1,8,-0.112
0,32,1,8,-0.112,5,1,8,-0.112
0,32,1,8,-0.112,5,1,8,-0.112
0,32,1,8,-0.112,5,1,8,-0.112
0,32,1,8,-0.112,5,1,8,0.118
0,32,1,8,0.118,5,1,8,-0.112
0,32,1,8,0.118,5,1,11,0.018
0,32,1,11,0.018,5,1,8,0.118
0,32,1,8,-0.112,0,1,3,0.018
0,32,1,3,0.018,0,1,8,-0.112
0,32,1,3,0.018,0,1,3,0.118
0,32,1,3,0.118,0,1,3,0.018
0,32,1,3,0.118,0,1,5,-0.181
0,32,1,5,-0.181,0,1,3,0.118
0,32,1,5,-0.181,1,1,5,-0.181
0,32,1,5,-0.181,1,1,5,-0.181
0,32,1,5,-0.181,0,1,8,0.118
0,32,1,8,0.118,0,1,5,-0.181
0,32,1,8,-0.112,0,6,19,0.819
0,32,6,19,0.819,0,1,8,-0.112
0,32,6,19,0.819,1,7,20,-0.381
0,32,7,20,-0.381,1,6,19,0.819
0,32,6,19,0.819,1,7,20,-0.381
0,32,7,20,-0.381,1,6,19,0.819
0,32,1,8,-0.112,0,4,1,0.148
0,32,4,1,0.148,0,1,8,-0.112
0,32,1,8,-0.112,0,4,1,0.148
0,32,4,1,0.148,0,1,8,-0.112
0,32,1,8,-0.112,0,4,1,0.149
0,32,4,1,0.149,0,1,8,-0.112
0,32,1,8,-0.112,0,4,1,0.149
0,32,4,1,0.149,0,1,8,-0.112
0,32,1,8,-0.112,0,4,1,0.149
0,32,4,1,0.149,0,1,8,-0.112
0,32,1,8,-0.112,0,4,1,0.148
0,32,4,1,0.148,0,1,8,-0.112
0,32,1,8,-0.112,0,4,1,0.148
0,32,4,1,0.148,0,1,8,-0.112
0,32,1,3,0.118,4,7,23,-0.631
0,32,7,23,-0.631,4,1,3,0.118
0,32,1,3,0.118,0,4,1,0.068
0,32,4,1,0.068,0,1,3,0.118
0,32,1,3,0.018,3,7,23,-0.631
0,32,7,23,-0.631,3,1,3,0.018
0,32,1,3,0.018,0,4,1,0.068
0,32,4,1,0.068,0,1,3,0.018
0,32,7,23,-0.631,0,4,2,0.419
0,32,4,2,0.419,0,7,23,-0.631
0,32,7,23,-0.631,0,4,2,0.419
0,32,4,2,0.419,0,7,23,-0.631
0,32,1,5,-0.181,0,4,1,0.118
0,32,4,1,0.118,0,1,5,-0.181
0,32,1,5,-0.181,0,4,1,0.118
0,32,4,1,0.118,0,1,5,-0.181
0,33,1,33,0.004,0,1,33,0.004
0,33,1,33,0.004,0,1,33,0.004
0,33,1,33,0.004,5,1,13,0.004
0,33,1,13,0.004,5,1,33,0.004
0,33,1,13,0.004,0,1,33,0.004
0,33,1,33,0.004,0,1,13,0.004
0,33,1,33,0.004,5,1,13,0.004
0,33,1,13,0.004,5,1,33,0.004
0,33,1,13,0.004,0,1,13,0.004
0,33,1,13,0.004,0,1,13,0.004
0,33,1,13,0.004,5,1,33,0.004
0,33,1,33,0.004,5,1,13,0.004
0,33,1,33,0.004,5,1,8,-0.126
0,33,1,8,-0.126,5,1,33,0.004
0,33,1,8,-0.126,5,1,8,-0.126
0,33,1,8,-0.126,5,1,8,-0.126
0,33,1,8,-0.126,5,1,8,-0.126
0,33,1,8,-0.126,5,1,8,-0.126
0,33,1,8,-0.126,5,1,8,-0.126
0,33,1,8,-0.126,5,1,8,-0.126
0,33,1,8,-0.126,5,1,13,0.004
0,33,1,13,0.004,5,1,8,-0.126
0,33,1,8,-0.126,0,4,1,0.134
0,33,4,1,0.134,0,1,8,-0.126
0,33,1,8,-0.126,0,4,1,0.134
0,33,4,1,0.134,0,1,8,-0.126
0,33,1,8,-0.126,0,4,1,0.134
0,33,4,1,0.134,0,1,8,-0.126
0,33,1,13,0.004,5,1,8,-0.126
0,33,1,8,-0.126,5,1,13,0.004
0,33,1,8,-0.126,5,1,8,-0.126
0,33,1,8,-0.126,5,1,8,-0.126
0,33,1,8,-0.126,5,1,8,-0.126
0,33,1,8,-0.126,5,1,8,-0.126
0,33,1,8,-0.126,5,1,8,-0.126
0,33,1,8,-0.126,5,1,8,-0.126
0,33,1,8,-0.126,5,1,33,0.004
0,33,1,33,0.004,5,1,8,-0.126
0,33,1,8,-0.126,0,4,1,0.134
0,33,4,1,0.134,0,1,8,-0.126
0,33,1,8,-0.126,0,4,1,0.134
0,33,4,1,0.134,0,1,8,-0.126
0,33,1,8,-0.126,0,4,1,0.134
0,33,4,1,0.134,0,1,8,-0.126
0,33,1,8,-0.126,0,4,1,0.134
0,33,4,1,0.134,0,1,8,-0.126
0,33,1,33,0.004,5,1,8,-0.126
0,33,1,8,-0.126,5,1,33,0.004
0,33,1,8,-0.126,5,1,8,-0.126
0,33,1,8,-0.126,5,1,8,-0.126
0,33,1,8,-0.126,5,1,8,-0.126
0,33,1,8,-0.126,5,1,8,-0.126
0,33,1,8,-0.126,5,1,8,-0.126
0,33,1,8,-0.126,5,1,8,-0.126
0,33,1,8,-0.126,5,1,13,0.004
0,33,1,13,0.004,5,1,8,-0.126
0,33,1,8,-0.126,0,4,1,0.134
0,33,4,1,0.134,0,1,8,-0.126
0,33,1,8,-0.126,0,4,1,0.134
0,33,4,1,0.134,0,1,8,-0.126
0,33,1,8,-0.126,0,4,1,0.134
0,33,4,1,0.134,0,1,8,-0.126
0,33,1,8,-0.126,0,4,1,0.134
0,33,4,1,0.134,0,1,8,-0.126
0,33,1,8,-0.126,0,6,19,0.805
0,33,6,19,0.805,0,1,8,-0.126
0,33,6,19,0.805,1,7,20,-0.395
0,33,7,20,-0.395,1,6,19,0.805
0,33,6,19,0.805,1,7,20,-0.396
0,33,7,20,-0.396,1,6,19,0.805
0,34,1,3,-0.083,0,1,3,0.017
0,34,1,3,0.017,0,1,3,-0.083
0,34,1,3,0.017,0,1,8,-0.113
0,34,1,8,-0.113,0,1,3,0.017
0,34,1,8,-0.113,5,1,8,0.017
0,34,1,8,0.017,5,1,8,-0.113
0,34,1,8,0.017,0,1,3,-0.083
0,34,1,3,-0.083,0,1,8,0.017
0,34,1,3,-0.083,0,1,3,-0.083
0,34,1,3,-0.083,0,1,3,-0.083
0,34,1,3,-0.083,0,1,3,-0.083
0,34,1,3,-0.083,0,1,3,-0.083
0,34,1,8,-0.113,5,1,8,-0.113
0,34,1,8,-0.113,5,1,8,-0.113
0,34,1,8,-0.113,5,1,11,0.017
0,34,1,11,0.017,5,1,8,-0.113
0,34,1,11,0.017,5,1,11,-0.083
0,34,1,11,-0.083,5,1,11,0.017
0,34,1,11,-0.083,5,1,11,0.017
0,34,1,11,0.017,5,1,11,-0.083
0,34,1,11,0.017,5,1,8,0.017
0,34,1,8,0.017,5,1,11,0.017
0,34,1,11,0.017,5,1,8,-0.113
0,34,1,8,-0.113,5,1,11,0.017
0,34,1,8,-0.113,5,1,8,-0.113
0,34,1,8,-0.113,5,1,8,-0.113
0,34,1,8,-0.113,5,1,11,0.017
0,34,1,11,0.017,5,1,8,-0.113
0,34,1,11,0.017,5,1,11,-0.083
0,34,1,11,-0.083,5,1,11,0.017
0,34,1,11,-0.083,5,1,11,-0.083
0,34,1,11,-0.083,5,1,11,-0.083
0,34,1,11,-0.083,5,1,11,0.017
0,34,1,11,0.017,5,1,11,-0.083
0,34,1,11,0.017,5,1,8,-0.113
0,34,1,8,-0.113,5,1,11,0.017
0,34,1,8,-0.113,5,1,8,-0.113
0,34,1,8,-0.113,5,1,8,-0.113
0,34,1,8,-0.113,5,1,11,0.017
0,34,1,11,0.017,5,1,8,-0.113
0,34,1,11,0.017,5,1,8,-0.113
0,34,1,8,-0.113,5,1,11,0.017
0,34,1,8,-0.113,5,1,8,-0.113
0,34,1,8,-0.113,5,1,8,-0.113
0,34,1,8,-0.113,5,1,8,-0.113
0,34,1,8,-0.113,5,1,8,-0.113
0,34,1,8,-0.113,5,1,11,0.017
0,34,1,11,0.017,5,1,8,-0.113
0,34,1,8,-0.113,0,6,19,0.816
0,34,6,19,0.816,0,1,8,-0.113
0,34,6,19,0.816,1,7,20,-0.383
0,34,7,20,-0.383,1,6,19,0.816
0,34,6,19,0.816,1,7,20,-0.383
0,34,7,20,-0.383,1,6,19,0.816
0,34,1,3,-0.083,0,4,1,0.067
0,34,4,1,0.067,0,1,3,-0.083
0,34,1,3,-0.083,0,4,1,0.067
0,34,4,1,0.067,0,1,3,-0.083
0,34,1,3,-0.083,0,4,1,0.067
0,34,4,1,0.067,0,1,3,-0.083
0,34,1,3,-0.083,0,4,1,0.067
0,34,4,1,0.067,0,1,3,-0.083
0,34,1,8,-0.113,0,4,1,0.147
0,34,4,1,0.147,0,1,8,-0.113
0,34,1,8,-0.113,0,4,1,0.147
0,34,4,1,0.147,0,1,8,-0.113
0,34,1,8,-0.113,0,4,1,0.147
0,34,4,1,0.147,0,1,8,-0.113
0,34,1,8,-0.113,0,4,1,0.147
0,34,4,1,0.147,0,1,8,-0.113
0,34,1,8,-0.113,0,4,1,0.147
0,34,4,1,0.147,0,1,8,-0.113
0,34,1,8,-0.113,0,4,1,0.147
0,34,4,1,0.147,0,1,8,-0.113
0,34,1,8,-0.113,0,4,1,0.147
0,34,4,1,0.147,0,1,8,-0.113
0,34,1,3,-0.083,0,4,1,0.067
0,34,4,1,0.067,0,1,3,-0.083
0,34,1,3,-0.083,0,4,1,0.067
0,34,4,1,0.067,0,1,3,-0.083
0,34,1,3,0.017,0,7,23,-0.634
0,34,7,23,-0.634,0,1,3,0.017
0,34,1,3,0.017,0,4,1,0.067
0,34,4,1,0.067,0,1,3,0.017
0,34,7,23,-0.634,0,4,2,0.416
0,34,4,2,0.416,0,7,23,-0.634
0,35,1,8,-0.12,5,1,8,-0.12
0,35,1,8,-0.12,5,1,8,-0.12
0,35,1,8,-0.12,5,1,11,0.01
0,35,1,11,0.01,5,1,8,-0.12
0,35,1,11,0.01,5,1,11,0.01
0,35,1,11,0.01,5,1,11,0.01
0,35,1,11,0.01,5,1,8,0.26
0,35,1,8,0.26,5,1,11,0.01
0,35,1,8,0.26,5,1,8,-0.12
0,35,1,8,-0.12,5,1,8,0.26
0,35,1,8,-0.12,5,1,8,-0.12
0,35,1,8,-0.12,5,1,8,-0.12
0,35,1,11,0.01,5,1,8,-0.12
0,35,1,8,-0.12,5,1,11,0.01
0,35,1,8,-0.12,5,1,11,0.01
0,35,1,11,0.01,5,1,8,-0.12
0,35,1,11,0.01,5,1,34,-0.09
0,35,1,34,-0.09,5,1,11,0.01
0,35,1,34,-0.09,5,1,8,-0.12
0,35,1,8,-0.12,5,1,34,-0.09
0,35,1,8,-0.12,5,1,11,0.01
0,35,1,11,0.01,5,1,8,-0.12
0,35,1,11,0.01,5,1,8,-0.12
0,35,1,8,-0.12,5,1,11,0.01
0,35,1,8,-0.12,5,1,8,-0.12
0,35,1,8,-0.12,5,1,8,-0.12
0,35,1,8,-0.12,5,1,11,0.01
0,35,1,11,0.01,5,1,8,-0.12
0,35,1,11,0.01,5,1,34,-0.09
0,35,1,34,-0.09,5,1,11,0.01
0,35,1,34,-0.09,5,1,34,-0.09
0,35,1,34,-0.09,5,1,34,-0.09
0,35,1,11,0.01,5,1,8,-0.12
0,35,1,8,-0.12,5,1,11,0.01
0,35,1,8,-0.12,5,1,8,-0.12
0,35,1,8,-0.12,5,1,8,-0.12
0,35,1,8,-0.12,5,1,8,-0.12
0,35,1,8,-0.12,5,1,8,-0.12
0,35,1,8,-0.12,5,1,8,-0.12
0,35,1,8,-0.12,5,1,8,-0.12
0,35,1,8,-0.12,5,1,34,-0.09
0,35,1,34,-0.09,5,1,8,-0.12
0,35,1,8,0.26,0,7,23,-0.64
0,35,7,23,-0.64,0,1,8,0.26
0,35,1,8,-0.12,0,4,1,0.14
0,35,4,1,0.14,0,1,8,-0.12
0,35,1,8,-0.12,0,4,1,0.14
0,35,4,1,0.14,0,1,8,-0.12
0,35,1,8,-0.12,0,4,1,0.14
0,35,4,1,0.14,0,1,8,-0.12
0,35,1,8,-0.12,0,4,1,0.14
0,35,4,1,0.14,0,1,8,-0.12
0,35,1,8,-0.12,0,4,1,0.14
0,35,4,1,0.14,0,1,8,-0.12
0,35,1,8,-0.12,0,4,1,0.14
0,35,4,1,0.14,0,1,8,-0.12
0,35,1,8,-0.12,0,4,1,0.14
0,35,4,1,0.14,0,1,8,-0.12
0,35,1,8,-0.12,0,4,1,0.14
0,35,4,1,0.14,0,1,8,-0.12
0,35,1,8,-0.12,0,4,1,0.14
0,35,4,1,0.14,0,1,8,-0.12
0,35,1,8,-0.12,0,4,1,0.14
0,35,4,1,0.14,0,1,8,-0.12
0,35,7,23,-0.64,0,4,2,0.41
0,35,4,2,0.41,0,7,23,-0.64
0,35,1,8,-0.12,0,6,19,0.81
0,35,6,19,0.81,0,1,8,-0.12
0,35,6,19,0.81,1,7,20,-0.39
0,35,7,20,-0.39,1,6,19,0.81
0,35,6,19,0.81,1,7,20,-0.39
0,35,7,20,-0.39,1,6,19,0.81
0,36,1,8,-0.127,5,1,8,-0.126
0,36,1,8,-0.126,5,1,8,-0.127
0,36,1,8,-0.126,5,1,8,0.204
0,36,1,8,0.204,5,1,8,-0.126
0,36,1,8,0.204,5,1,8,0.003
0,36,1,8,0.003,5,1,8,0.204
0,36,1,8,0.003,5,1,8,-0.126
0,36,1,8,-0.126,5,1,8,0.003
0,36,1,8,-0.126,5,1,8,-0.126
0,36,1,8,-0.126,5,1,8,-0.126
0,36,1,8,-0.126,5,1,8,-0.127
0,36,1,8,-0.127,5,1,8,-0.126
0,36,1,8,-0.127,0,4,1,0.134
0,36,4,1,0.134,0,1,8,-0.127
0,36,1,8,-0.126,0,4,1,0.134
0,36,4,1,0.134,0,1,8,-0.126
0,36,1,8,-0.126,0,4,1,0.134
0,36,4,1,0.134,0,1,8,-0.126
0,36,1,8,0.204,0,6,15,-0.396
0,36,6,15,-0.396,0,1,8,0.204
0,36,6,15,-0.396,0,1,3,0.003
0,36,1,3,0.003,0,6,15,-0.396
0,36,1,8,0.003,0,1,3,-0.097
0,36,1,3,-0.097,0,1,8,0.003
0,36,1,3,-0.097,0,1,3,0.003
0,36,1,3,0.003,0,1,3,-0.097
0,36,6,15,-0.396,0,1,3,0.003
0,36,1,3,0.003,0,6,15,-0.396
0,36,1,3,0.003,0,4,1,0.053
0,36,4,1,0.053,0,1,3,0.003
0,36,1,3,0.003,0,4,1,0.053
0,36,4,1,0.053,0,1,3,0.003
0,36,1,3,0.003,0,4,1,0.053
0,36,4,1,0.053,0,1,3,0.003
0,36,1,8,-0.126,0,6,19,0.804
0,36,6,19,0.804,0,1,8,-0.126
0,36,6,19,0.804,1,7,20,-0.396
0,36,7,20,-0.396,1,6,19,0.804
0,36,6,19,0.804,1,7,20,-0.396
0,36,7,20,-0.396,1,6,19,0.804
0,36,1,3,-0.097,0,4,1,0.053
0,36,4,1,0.053,0,1,3,-0.097
0,36,1,3,-0.097,0,4,1,0.053
0,36,4,1,0.053,0,1,3,-0.097
0,36,1,3,0.003,0,4,1,0.053
0,36,4,1,0.053,0,1,3,0.003
0,36,1,3,0.003,0,4,1,0.053
0,36,4,1,0.053,0,1,3,0.003
0,37,1,8,-0.149,5,1,8,-0.149
0,37,1,8,-0.149,5,1,8,-0.149
0,37,1,8,-0.149,5,1,10,0.281
0,37,1,10,0.281,5,1,8,-0.149
0,37,1,10,0.281,5,1,10,0.081
0,37,1,10,0.081,5,1,10,0.281
0,37,1,10,0.081,5,1,8,-0.149
0,37,1,8,-0.149,5,1,10,0.081
0,37,1,8,-0.149,5,1,8,-0.149
0,37,1,8,-0.149,5,1,8,-0.149
0,37,1,8,-0.149,5,1,8,-0.149
0,37,1,8,-0.149,5,1,8,-0.149
0,37,1,10,0.281,5,6,16,-0.559
0,37,6,16,-0.559,5,1,10,0.281
0,37,6,16,-0.559,5,1,7,0.151
0,37,1,7,0.151,5,6,16,-0.559
0,37,1,10,0.081,5,1,7,-0.119
0,37,1,7,-0.119,5,1,10,0.081
0,37,1,7,-0.119,5,1,7,0.151
0,37,1,7,0.151,5,1,7,-0.119
0,37,6,16,-0.559,0,1,3,0.231
0,37,1,3,0.231,0,6,16,-0.559
0,37,1,8,-0.149,0,6,19,0.78
0,37,6,19,0.78,0,1,8,-0.149
0,37,6,19,0.78,1,7,20,-0.419
0,37,7,20,-0.419,1,6,19,0.78
0,37,6,19,0.78,1,7,20,-0.419
0,37,7,20,-0.419,1,6,19,0.78
0,37,1,8,-0.149,0,4,1,0.111
0,37,4,1,0.111,0,1,8,-0.149
0,37,1,8,-0.149,0,4,1,0.111
0,37,4,1,0.111,0,1,8,-0.149
0,37,1,8,-0.149,0,4,1,0.081
0,37,4,1,0.081,0,1,8,-0.149
0,37,1,7,0.151,0,4,1,0.111
0,37,4,1,0.111,0,1,7,0.151
0,37,1,7,-0.119,0,4,1,0.081
0,37,4,1,0.081,0,1,7,-0.119
0,37,1,3,0.231,0,4,1,0.031
0,37,4,1,0.031,0,1,3,0.231
0,37,1,3,0.231,0,4,1,0.031
0,37,4,1,0.031,0,1,3,0.231
0,37,1,3,0.231,0,4,1,0.031
0,37,4,1,0.031,0,1,3,0.231
0,38,1,8,-0.121,5,1,8,-0.121
0,38,1,8,-0.121,5,1,8,-0.121
0,38,1,8,-0.121,5,1,8,-0.121
0,38,1,8,-0.121,5,1,8,-0.121
0,38,1,8,-0.121,5,1,8,-0.121
0,38,1,8,-0.121,5,1,8,-0.121
0,38,1,8,-0.121,5,1,8,-0.121
0,38,1,8,-0.121,5,1,8,-0.121
0,38,1,8,-0.121,5,1,8,-0.121
0,38,1,8,-0.121,5,1,8,-0.121
0,38,1,8,-0.121,5,1,8,-0.121
0,38,1,8,-0.121,5,1,8,-0.121
0,38,1,8,-0.121,0,4,1,0.139
0,38,4,1,0.139,0,1,8,-0.121
0,38,1,8,-0.121,0,4,1,0.139
0,38,4,1,0.139,0,1,8,-0.121
0,38,1,8,-0.121,0,4,1,0.139
0,38,4,1,0.139,0,1,8,-0.121
0,38,1,8,-0.121,0,4,1,0.139
0,38,4,1,0.139,0,1,8,-0.121
0,38,1,8,-0.121,0,4,1,0.14
0,38,4,1,0.14,0,1,8,-0.121
0,38,1,8,-0.121,0,6,19,0.81
0,38,6,19,0.81,0,1,8,-0.121
0,38,6,19,0.81,1,7,20,-0.39
0,38,7,20,-0.39,1,6,19,0.81
0,38,6,19,0.81,1,7,20,-0.39
0,38,7,20,-0.39,1,6,19,0.81
0,39,1,8,-0.149,5,1,8,-0.149
0,39,1,8,-0.149,5,1,8,-0.149
0,39,1,8,-0.149,5,1,10,0.281
0,39,1,10,0.281,5,1,8,-0.149
0,39,1,10,0.281,5,1,10,0.081
0,39,1,10,0.081,5,1,10,0.281
0,39,1,10,0.081,5,1,8,-0.149
0,39,1,8,-0.149,5,1,10,0.081
0,39,1,8,-0.149,5,1,8,-0.149
0,39,1,8,-0.149,5,1,8,-0.149
0,39,1,8,-0.149,5,1,8,-0.149
0,39,1,8,-0.149,5,1,8,-0.149
0,39,1,10,0.281,5,6,16,-0.559
0,39,6,16,-0.559,5,1,10,0.281
0,39,6,16,-0.559,5,1,7,0.151
0,39,1,7,0.151,5,6,16,-0.559
0,39,1,10,0.081,5,1,7,-0.119
0,39,1,7,-0.119,5,1,10,0.081
0,39,1,7,-0.119,5,1,7,0.151
0,39,1,7,0.151,5,1,7,-0.119
0,39,6,16,-0.559,0,1,3,0.231
0,39,1,3,0.231,0,6,16,-0.559
0,39,1,8,-0.149,0,6,19,0.78
0,39,6,19,0.78,0,1,8,-0.149
0,39,6,19,0.78,1,7,20,-0.419
0,39,7,20,-0.419,1,6,19,0.78
0,39,6,19,0.78,1,7,20,-0.419
0,39,7,20,-0.419,1,6,19,0.78
0,39,1,8,-0.149,0,4,1,0.111
0,39,4,1,0.111,0,1,8,-0.149
0,39,1,8,-0.149,0,4,1,0.081
0,39,4,1,0.081,0,1,8,-0.149
0,39,1,8,-0.149,0,4,1,0.111
0,39,4,1,0.111,0,1,8,-0.149
0,39,1,7,0.151,0,4,1,0.111
0,39,4,1,0.111,0,1,7,0.151
0,39,1,7,-0.119,0,4,1,0.081
0,39,4,1,0.081,0,1,7,-0.119
0,39,1,3,0.231,0,4,1,0.031
0,39,4,1,0.031,0,1,3,0.231
0,39,1,3,0.231,0,4,1,0.031
0,39,4,1,0.031,0,1,3,0.231
0,39,1,3,0.231,0,4,1,0.031
0,39,4,1,0.031,0,1,3,0.231
0,40,1,8,-0.139,5,1,8,-0.139
0,40,1,8,-0.139,5,1,8,-0.139
0,40,1,8,-0.139,5,1,10,-0.049
0,40,1,10,-0.049,5,1,8,-0.139
0,40,1,10,-0.049,5,1,10,0.091
0,40,1,10,0.091,5,1,10,-0.049
0,40,1,10,0.091,5,1,8,-0.14
0,40,1,8,-0.14,5,1,10,0.091
0,40,1,8,-0.14,5,1,8,-0.14
0,40,1,8,-0.14,5,1,8,-0.14
0,40,1,8,-0.14,5,1,8,-0.139
0,40,1,8,-0.139,5,1,8,-0.14
0,40,1,10,-0.049,5,6,16,-0.37
0,40,6,16,-0.37,5,1,10,-0.049
0,40,6,16,-0.37,5,1,7,0.16
0,40,1,7,0.16,5,6,16,-0.37
0,40,1,10,0.091,5,1,7,-0.109
0,40,1,7,-0.109,5,1,10,0.091
0,40,1,7,-0.109,5,1,7,0.16
0,40,1,7,0.16,5,1,7,-0.109
0,40,1,8,-0.14,0,6,19,0.79
0,40,6,19,0.79,0,1,8,-0.14
0,40,6,19,0.79,1,7,20,-0.41
0,40,7,20,-0.41,1,6,19,0.79
0,40,6,19,0.79,1,7,20,-0.41
0,40,7,20,-0.41,1,6,19,0.79
0,40,1,8,-0.139,0,4,1,0.121
0,40,4,1,0.121,0,1,8,-0.139
0,40,1,8,-0.139,0,4,1,0.121
0,40,4,1,0.121,0,1,8,-0.139
0,40,1,8,-0.14,0,4,1,0.121
0,40,4,1,0.121,0,1,8,-0.14
0,40,1,7,0.16,0,4,1,0.121
0,40,4,1,0.121,0,1,7,0.16
0,40,1,7,-0.109,0,4,1,0.091
0,40,4,1,0.091,0,1,7,-0.109
0,40,6,16,-0.37,0,4,0,0.29
0,40,4,0,0.29,0,6,16,-0.37
0,41,1,8,-0.115,5,1,8,-0.115
0,41,1,8,-0.115,5,1,8,-0.115
0,41,1,8,-0.115,5,1,10,0.315
0,41,1,10,0.315,5,1,8,-0.115
0,41,1,10,0.315,5,1,10,0.115
0,41,1,10,0.115,5,1,10,0.315
0,41,1,10,0.115,5,1,8,-0.115
0,41,1,8,-0.115,5,1,10,0.115
0,41,1,8,-0.115,5,1,8,-0.115
0,41,1,8,-0.115,5,1,8,-0.115
0,41,1,8,-0.115,5,1,8,-0.115
0,41,1,8,-0.115,5,1,8,-0.115
0,41,1,10,0.315,5,6,16,-0.384
0,41,6,16,-0.384,5,1,10,0.315
0,41,6,16,-0.384,5,6,16,-0.384
0,41,6,16,-0.384,5,6,16,-0.384
0,41,1,10,0.115,5,1,7,-0.115
0,41,1,7,-0.115,5,1,10,0.115
0,41,1,7,-0.115,5,6,16,-0.384
0,41,6,16,-0.384,5,1,7,-0.115
0,41,1,8,-0.115,0,6,19,0.816
0,41,6,19,0.816,0,1,8,-0.115
0,41,6,19,0.816,1,7,20,-0.384
0,41,7,20,-0.384,1,6,19,0.816
0,41,6,19,0.816,1,7,20,-0.384
0,41,7,20,-0.384,1,6,19,0.816
0,41,6,16,-0.384,0,4,0,0.315
0,41,4,0,0.315,0,6,16,-0.384
0,41,1,8,-0.115,0,4,1,0.145
0,41,4,1,0.145,0,1,8,-0.115
0,41,1,8,-0.115,0,4,1,0.145
0,41,4,1,0.145,0,1,8,-0.115
0,41,1,8,-0.115,0,4,1,0.115
0,41,4,1,0.115,0,1,8,-0.115
0,41,1,7,-0.115,0,4,1,0.145
0,41,4,1,0.145,0,1,7,-0.115
0,42,1,8,-0.121,5,1,8,-0.121
0,42,1,8,-0.121,5,1,8,-0.121
0,42,1,8,-0.121,5,1,8,-0.121
0,42,1,8,-0.121,5,1,8,-0.121
0,42,1,8,-0.121,5,1,8,0.31
0,42,1,8,0.31,5,1,8,-0.121
0,42,1,8,0.31,5,1,8,-0.121
0,42,1,8,-0.121,5,1,8,0.31
0,42,1,8,-0.121,5,1,8,-0.121
0,42,1,8,-0.121,5,1,8,-0.121
0,42,1,8,-0.121,5,1,8,-0.121
0,42,1,8,-0.121,5,1,8,-0.121
0,42,1,8,-0.121,0,4,1,0.139
0,42,4,1,0.139,0,1,8,-0.121
0,42,1,8,-0.121,0,4,1,0.139
0,42,4,1,0.139,0,1,8,-0.121
0,42,1,8,-0.121,0,4,1,0.139
0,42,4,1,0.139,0,1,8,-0.121
0,42,1,8,-0.121,0,4,1,0.139
0,42,4,1,0.139,0,1,8,-0.121
0,42,1,8,-0.121,0,6,19,0.81
0,42,6,19,0.81,0,1,8,-0.121
0,42,1,8,0.31,0,3,29,-0.291
0,42,3,29,-0.291,0,1,8,0.31
0,42,6,19,0.81,1,7,20,-0.39
0,42,7,20,-0.39,1,6,19,0.81
0,42,6,19,0.81,1,7,20,-0.39
0,42,7,20,-0.39,1,6,19,0.81
